x,y,z,intensity,t,reflectivity,ring,ambient,range
18.082832,5.6803303,18.405336,19.0,22025504,12,1,1696,26401
-13.713316,3.8264651,13.480715,24.0,2590064,9,2,1370,19588
12.902388,5.686352,13.350831,20.0,22125744,7,2,1271,19399
13.872091,5.612197,14.168616,17.0,22366064,8,2,1501,20589
13.948794,5.543882,14.21191,11.0,22414744,6,2,1303,20652
14.042098,5.4814425,14.272386,14.0,22463664,7,2,1290,20740
-14.474729,2.840898,13.170824,10.0,50880,2,4,721,19757
19.894228,5.822118,18.502449,19.0,21246632,11,4,1954,27767
-16.856543,3.6333117,13.885939,28.0,244200,9,8,1268,22122
-22.178192,3.24642,17.661722,25.0,635120,16,9,1876,28519
17.279833,5.745539,14.351886,14.0,21930664,6,9,1329,23168
16.182604,3.5626814,13.060981,18.0,22755704,6,9,1014,21081
16.369267,1.4416616,12.952736,15.0,23785216,7,9,2521,20906
-18.20953,3.554851,13.832373,17.0,2833424,9,11,1231,23125
-17.718735,3.5721598,13.4764385,15.0,2880784,7,11,1340,22529
-17.510363,3.642149,13.334901,13.0,2929864,7,11,1530,22292
17.664625,5.665306,13.830581,21.0,23828856,12,11,2042,23122
16.36859,2.8997169,12.395497,11.0,24903448,5,11,985,20719
16.467505,2.8131604,12.457009,14.0,24953848,6,11,1036,20822
-18.951561,3.502007,13.96463,15.0,50880,6,12,1659,23783
-18.42365,3.5213706,13.591787,25.0,98280,8,12,1354,23147
18.827248,5.2375407,14.159844,20.0,21440872,6,12,626,24116
18.961966,5.8353167,14.061008,21.0,22125744,11,13,1741,24300
19.161533,5.132792,14.059276,15.0,22414744,7,13,895,24297
19.301384,4.9172072,14.116469,14.0,22516584,6,13,572,24396
-18.395435,3.5647109,12.926479,46.0,1907872,19,14,1745,22747
-16.813984,4.014433,11.926951,23.0,2246904,10,14,1766,20985
11.550205,6.4312096,9.125778,47.0,21342992,11,14,2744,16047
20.45595,5.9058022,14.685581,24.0,23148936,14,14,1380,25848
19.800545,5.1936364,14.120013,15.0,23344376,7,14,843,24851
-19.189651,2.505305,12.951249,11.0,2293904,6,15,868,23270
18.76181,6.050701,13.192367,16.0,23785216,10,15,2074,23704
19.424852,6.0025315,13.605156,18.0,23882816,10,15,1325,24447
-9.406051,1.3013635,5.8746943,26.0,1463592,3,18,911,11150
21.020658,6.1809864,13.527342,18.0,23098176,13,18,1980,25734
-21.655018,2.7836096,13.068403,12.0,2246904,7,19,984,25430
-19.470966,3.8529372,11.882482,31.0,2786344,15,19,1992,23118
21.586168,6.2836976,13.456187,19.0,23979176,15,19,2156,26186
21.786966,6.1974287,13.557237,38.0,24026616,24,19,2210,26383
20.060572,6.445453,12.236884,40.0,21200472,17,20,3365,24351
-23.44871,2.6781147,12.98208,20.0,1269592,11,22,824,26921
-24.848948,3.1473203,13.776217,15.0,1369072,12,22,1384,28571
-22.853275,3.323137,12.703411,28.0,1514672,16,22,1377,26342
-20.664265,3.7863467,11.558411,36.0,1810512,17,22,2188,23963
20.663649,6.6112666,11.935746,36.0,22907664,21,22,3009,24747
-24.24845,2.1395972,12.961735,15.0,1907872,10,23,1011,27564
-24.176842,2.282874,12.93076,9.0,1957272,8,23,1380,27498
-25.069748,3.1454997,13.4526415,25.0,2200864,19,23,1856,28610
-23.529037,3.2462018,12.647762,33.0,2293904,22,23,2090,26895
-9.419279,4.7688527,5.6352205,63.0,4934248,8,23,1350,11953
23.555378,6.31013,12.984732,31.0,24124016,26,23,3581,27613
25.054443,6.4767914,13.346772,19.0,21683904,14,24,2861,29103
-25.089333,3.0334494,12.674424,19.0,489800,14,25,2159,28258
-24.935411,3.1701872,12.606388,20.0,538920,13,25,1754,28106
-23.757027,3.4657826,12.041961,28.0,684360,17,25,2618,26845
-22.855997,3.6212666,11.607786,22.0,782232,13,25,2477,25875
-21.892662,3.882947,11.153916,31.0,927352,17,25,2784,24861
16.033854,6.6869884,8.720299,59.0,21391792,16,25,3143,19424
24.146103,6.585035,12.552228,19.0,22414744,15,25,2811,27985
-25.670284,3.123176,12.581781,26.0,1316952,18,26,1342,28744
-25.381165,3.2461772,12.449867,8.0,1369072,9,26,1759,28442
-21.1713,4.040402,10.490811,30.0,1855432,14,26,1863,23957
18.19761,6.9255786,9.479615,42.0,22463664,19,26,3169,21642
25.389366,6.5701814,12.75956,21.0,23344376,22,26,3214,29151
-26.403515,3.2275882,12.508651,29.0,2152704,25,27,2418,29381
-23.754395,3.6468492,11.303828,21.0,2394624,16,27,2195,26545
19.058128,6.973609,9.5492735,32.0,23391896,16,27,3037,22415
22.068876,6.8682585,10.872199,48.0,23785216,30,27,3201,25529
-27.075062,3.2497036,12.025098,31.0,489800,22,29,2346,29790
-25.406847,3.5249157,11.312639,24.0,635120,15,29,2065,28021
17.883999,6.714643,8.431792,57.0,21683904,18,29,2446,20868
19.272623,6.9672737,9.043564,29.0,21780904,12,29,3088,22387
20.585217,7.157311,9.615868,27.0,21883464,14,29,2265,23808
-26.842451,3.4425054,11.541818,14.0,1369072,15,30,2291,29408
-18.37412,4.8177037,8.109237,40.0,2394624,19,30,3634,20641
-16.764185,4.838373,7.451068,55.0,2590064,19,30,3173,18960
15.823727,6.464424,7.299936,32.0,22269864,10,30,1595,18574
21.108425,7.147599,9.509363,20.0,22755704,12,30,2457,24217
24.928106,6.933431,11.036347,34.0,23196456,28,30,3560,28117
25.57224,6.943861,11.301807,27.0,23248016,25,30,3342,28795
-22.588129,4.242016,9.4532175,31.0,2637464,20,31,2979,24839
-17.634535,4.794213,7.522165,40.0,3273024,16,31,3802,19750
-17.078888,4.7560086,7.2982855,44.0,3320064,16,31,3633,19160
26.528133,6.9486313,11.274227,43.0,24124016,40,31,4466,29638
-24.002216,4.1394296,9.656289,46.0,98280,19,32,2536,26189
21.546263,7.1427336,9.001159,39.0,21200472,16,32,3067,24407
23.72755,7.224174,9.832755,34.0,21391792,17,32,3232,26669
23.095003,7.2658343,9.277965,43.0,22125744,22,33,2932,25916
24.704306,7.2750993,9.8672085,23.0,22269864,17,33,3245,27567
24.677736,7.3323474,9.510375,18.0,23048336,17,34,2961,27433
25.40621,7.3794866,9.772705,30.0,23098176,24,34,2981,28192
25.75793,7.310584,9.890218,22.0,23148936,21,34,3015,28532
-26.9818,3.9330978,9.679085,27.0,2293904,20,35,1801,28923
-4.970531,3.6240635,2.2058306,255.0,6152520,15,35,6525,6524
-4.919371,3.6332312,2.1931522,546.0,6205200,32,35,7220,6486
-4.8682866,3.6419082,2.1804738,703.0,6252600,43,35,6680,6448
-4.8398347,3.6671603,2.1778045,780.0,6304280,48,35,4488,6440
-4.817991,3.6973612,2.1781383,745.0,6353200,44,35,3034,6441
-4.8004265,3.7309003,2.1804738,717.0,6398840,42,35,2418,6448
-4.7915254,3.7713535,2.1868129,733.0,6445200,43,35,2170,6467
-4.785259,3.814186,2.1944866,721.0,6495480,42,35,2059,6490
-4.781582,3.8594494,2.203495,711.0,6546200,41,35,1811,6517
-4.77972,3.906599,2.2135043,677.0,6593600,40,35,1817,6547
-4.7752786,3.9520686,2.2225127,684.0,6645560,41,35,1592,6574
-4.76829,3.9958153,2.23052,736.0,6693640,44,35,1535,6598
-4.760224,4.039015,2.2381938,638.0,6741680,37,35,1537,6621
-4.756815,4.086562,2.248203,626.0,6789960,36,35,1409,6651
-4.767235,4.146584,2.2648852,560.0,6841800,32,35,1358,6701
-4.7551517,4.187586,2.2712245,490.0,6889520,28,35,1280,6720
-4.754009,4.238626,2.282902,367.0,6938840,20,35,1172,6755
-4.7405148,4.279078,2.2889075,181.0,6985720,9,35,1164,6773
-4.7817097,4.3697286,2.3212707,80.0,7033720,4,35,1103,6870
-4.841355,4.4789567,2.362976,21.0,7082960,1,35,1272,6995
-4.831681,4.525322,2.3716507,44.0,7132480,2,35,1126,7021
-4.810668,4.5613656,2.3749871,67.0,7184200,4,35,1277,7031
-4.7859917,4.5940595,2.3766553,163.0,7228440,9,35,1501,7036
-4.832801,4.6962175,2.4136896,61.0,7281712,3,35,1483,7147
20.094976,6.830862,7.5404377,19.0,23540216,10,35,1969,22513
24.950222,7.303259,9.229669,24.0,23882816,23,35,3817,27576
-5.2988625,3.6062124,2.2060952,78.0,3515056,2,36,4624,6768
-5.2571564,3.6252072,2.198055,388.0,3567536,11,36,7745,6743
-5.155677,3.602031,2.1652515,557.0,3612336,17,36,7832,6641
-5.094853,3.6062205,2.149171,671.0,3664576,20,36,7169,6591
-5.0410953,3.6147707,2.1359854,673.0,3714736,20,36,6839,6550
-4.98666,3.622241,2.122478,689.0,3763136,20,36,8564,6508
-4.9269876,3.6252484,2.1067193,706.0,3810616,21,36,8020,6459
-4.840909,3.607839,2.0797045,931.0,3860776,30,36,8521,6375
-4.8035736,3.6260548,2.0732725,1007.0,3907296,33,36,7847,6355
-4.7699566,3.6468265,2.0684483,1213.0,3954896,42,36,5082,6340
-4.7527285,3.680087,2.0706997,1176.0,4003616,39,36,2528,6347
-4.7345266,3.712689,2.0726292,1092.0,4054296,35,36,1490,6353
-4.805036,3.8159275,2.1131513,53.0,4104176,1,36,403,6479
-4.718839,4.0395,2.1388798,9.0,4394696,1,36,338,6559
-4.6753144,4.1027284,2.1417742,24.0,4495096,1,36,452,6568
-4.6776433,4.1558833,2.154317,621.0,4543776,17,36,822,6607
-4.6745696,4.2047844,2.1646082,1242.0,4594136,44,36,1386,6639
-4.6752687,4.257632,2.176829,1074.0,4640616,36,36,1329,6677
-4.66645,4.302295,2.1848693,1027.0,4690048,33,36,1449,6702
-4.664868,4.354122,2.1964471,993.0,4737528,33,36,1282,6738
-4.6683273,4.411297,2.2105978,903.0,4785888,29,36,1233,6782
-4.6726274,4.4699864,2.2253914,945.0,4835688,31,36,1330,6828
-4.669584,4.5223026,2.2369692,905.0,4882728,29,36,1406,6864
-4.6964803,4.604598,2.2630193,713.0,4934248,22,36,1433,6945
-4.6936603,4.658691,2.2752402,793.0,4980968,25,36,1361,6983
-4.7090435,4.7317257,2.296466,753.0,5033808,24,36,1288,7049
-4.704467,4.785529,2.3083656,759.0,5078528,24,36,1242,7086
-4.7218204,4.8625636,2.3311994,886.0,5129488,30,36,1206,7157
-4.6971354,4.8969145,2.3337722,901.0,5176048,31,36,2134,7165
-4.670905,4.92977,2.335702,796.0,5226488,27,36,4283,7171
-4.6800117,5.0005317,2.3553197,334.0,5278208,10,36,1797,7232
19.567806,6.5365076,7.036277,51.0,21200472,15,36,2767,21787
26.883854,7.5345116,9.51199,17.0,21586232,13,36,2942,29485
-27.97414,3.841477,9.263959,31.0,635120,23,37,2818,29707
-27.541733,3.9544055,9.129053,23.0,684360,18,37,2889,29273
-26.509794,4.1388254,8.804223,24.0,782232,19,37,3322,28228
-5.6673245,3.648304,2.2336383,111.0,4104176,4,37,3734,7090
-5.5230584,3.6035218,2.1860793,191.0,4151456,7,37,6533,6937
-5.431878,3.5917199,2.1590362,443.0,4201776,15,37,7861,6850
-5.36158,3.5926971,2.1400747,576.0,4248936,20,37,7412,6789
-5.304841,3.6020277,2.1263976,548.0,4298856,19,37,7649,6745
-5.2434936,3.6075647,2.1108556,509.0,4345336,17,37,8276,6695
-5.176043,3.6081357,2.0928266,573.0,4394696,20,37,8612,6637
-5.1002455,3.601983,2.0713785,618.0,4443496,21,37,8647,6568
-5.037859,3.6044421,2.055215,677.0,4495096,22,37,8929,6516
-4.9817915,3.6107361,2.0415378,738.0,4543776,25,37,8746,6472
-4.9289017,3.6187294,2.029104,792.0,4594136,27,37,8034,6432
-4.850939,3.6074874,2.0064125,947.0,4640616,34,37,8706,6359
-4.8066998,3.6205957,1.9973981,1006.0,4690048,37,37,8494,6330
-4.7700386,3.639064,1.991492,1194.0,4737528,43,37,5622,6311
-4.7498755,3.670008,1.9924246,1188.0,4785888,42,37,2721,6314
-4.7355,3.7055285,1.9958439,1133.0,4835688,39,37,1776,6325
-4.755872,3.7687628,2.0138726,685.0,4882728,21,37,985,6383
-4.7408104,3.8044188,2.017292,590.0,4934248,17,37,899,6394
-4.7277026,3.8418303,2.0216439,638.0,4980968,19,37,957,6408
-4.723853,3.887077,2.0300364,571.0,5033808,17,37,871,6435
-4.705754,3.9208574,2.0325234,489.0,5078528,14,37,677,6443
-4.7048497,3.9692752,2.0424702,393.0,5129488,11,37,725,6475
-4.712921,4.025856,2.0564582,281.0,5176048,7,37,632,6520
-4.675193,4.0435038,2.050863,94.0,5226488,2,37,473,6502
-4.6931896,4.1096926,2.0695136,19.0,5278208,1,37,408,6562
-4.6700177,4.140304,2.070446,13.0,5325688,1,37,415,6565
-4.6848345,4.205078,2.088164,173.0,5373688,4,37,586,6622
-4.6800427,4.252926,2.0974894,1112.0,5420168,42,37,1274,6652
-4.6657476,4.2925043,2.1027737,1126.0,5468008,43,37,1414,6669
-4.669918,4.3495617,2.1164508,982.0,5520608,37,37,1294,6713
-4.654204,4.388569,2.1214242,912.0,5567088,34,37,1416,6729
-4.6588073,4.44724,2.1357229,894.0,5615328,33,37,1469,6775
-4.6601315,4.503489,2.1487782,805.0,5665568,29,37,1428,6817
-4.6752043,4.5738816,2.1683614,785.0,5714048,28,37,1239,6880
-4.674058,4.629241,2.180795,737.0,5761768,27,37,1334,6920
-4.690925,4.7614202,2.2152987,803.0,5859008,30,37,1269,7031
-4.7073503,4.8371224,2.2367468,738.0,5912168,28,37,1547,7100
-4.71907,4.909092,2.2563298,845.0,5961440,33,37,1155,7163
-4.686897,4.935887,2.2553973,801.0,6006720,32,37,3167,7160
-4.646771,4.9541516,2.2507346,860.0,6059080,35,37,3775,7145
-4.6298475,4.997215,2.2572622,1021.0,6108440,43,37,1140,7166
-4.7286873,5.167191,2.3200524,190.0,6152520,6,37,1152,7368
-27.531576,4.0914016,8.757661,20.0,1514672,21,38,3222,29169
-24.624697,4.4354944,7.875597,27.0,1761272,21,38,3514,26221
-22.464876,4.1890507,7.195499,15.0,1810512,13,38,4073,23948
-5.828184,3.5945323,2.1768944,162.0,4737528,8,38,6129,7175
-5.7331944,3.5847118,2.1499658,340.0,4785888,16,38,7446,7085
-5.6562805,3.5850973,2.1296196,427.0,4835688,20,38,7131,7017
-5.594032,3.5939562,2.1146593,440.0,4882728,21,38,7263,6967
-5.531889,3.602187,2.0996988,472.0,4934248,23,38,8023,6917
-5.4467587,3.5945544,2.0760615,502.0,4980968,23,38,7863,6838
-5.364312,3.5876052,2.0533216,567.0,5033808,27,38,8455,6762
-5.3058586,3.5958357,2.0395582,546.0,5078528,26,38,8447,6716
-5.2325597,3.593225,2.0201097,589.0,5129488,27,38,8540,6651
-5.164195,3.5931206,2.0024564,573.0,5176048,26,38,8595,6592
-5.10227,3.5967102,1.9871969,567.0,5226488,25,38,8804,6541
-5.0358377,3.59635,1.970142,560.0,5278208,24,38,8915,6484
-4.9742427,3.598666,1.9548825,647.0,5325688,28,38,8476,6433
-4.9143496,3.6014903,1.9402213,710.0,5373688,31,38,7829,6384
-4.8477144,3.598599,1.9228673,836.0,5420168,36,38,8969,6326
-4.812575,3.6185308,1.9177808,882.0,5468008,39,38,8814,6309
-4.778893,3.639323,1.9132926,1108.0,5520608,51,38,5535,6294
-4.7587395,3.6703248,1.9141903,1063.0,5567088,48,38,3126,6297
-4.742898,3.7047398,1.9168831,981.0,5615328,42,38,1616,6306
-4.7455254,3.7538936,1.9270562,663.0,5665568,27,38,911,6340
-4.725382,3.7853265,1.928253,401.0,5714048,15,38,1052,6344
-4.703549,3.8154516,1.9288515,465.0,5761768,17,38,857,6346
-4.7279844,3.8835971,1.9482999,335.0,5810048,12,38,727,6411
-4.7312145,3.9351046,1.9593706,470.0,5859008,18,38,844,6448
-4.7084403,3.9652896,1.959969,509.0,5912168,19,38,899,6450
-4.69564,4.004009,1.9647564,525.0,5961440,20,38,881,6466
-4.6832643,4.0433435,1.9698428,516.0,6006720,20,38,804,6483
-4.6777673,4.0889544,1.9779215,413.0,6059080,15,38,707,6510
-4.6747446,4.137179,1.9871969,270.0,6108440,10,38,600,6541
-4.6862326,4.198888,2.0027556,133.0,6152520,5,38,475,6593
-4.666742,4.233331,2.0054486,148.0,6205200,5,38,608,6602
-4.6638756,4.28318,2.0153224,998.0,6252600,48,38,1302,6635
-4.654281,4.3273063,2.0225034,916.0,6304280,43,38,1430,6659
-4.65127,4.378014,2.0326765,808.0,6353200,36,38,1420,6693
-4.648502,4.429505,2.0431488,780.0,6398840,36,38,1362,6728
-4.6459627,4.481788,2.05392,765.0,6445200,35,38,1257,6764
-4.6525154,4.543537,2.0688806,718.0,6495480,33,38,1247,6814
-4.6747727,4.6216316,2.0910218,613.0,6546200,27,38,1241,6888
-4.7201595,4.841464,2.1499658,604.0,6693640,28,38,1270,7085
-4.720817,4.9019446,2.1637292,686.0,6741680,35,38,1025,7131
-4.69986,4.9404955,2.1679182,754.0,6789960,39,38,989,7145
-4.653772,4.9525547,2.160737,702.0,6841800,36,38,1869,7121
-4.620699,4.9782195,2.1595402,677.0,6889520,34,38,1506,7117
-4.6294093,5.0493736,2.1777918,318.0,6938840,14,38,715,7178
26.453331,7.3130355,8.635883,40.0,23196456,34,38,4046,28762
-27.122297,4.352278,8.260887,33.0,2394624,27,39,2945,28675
-26.534758,4.425255,8.090681,18.0,2441664,17,39,2871,28082
-25.767078,4.460011,7.865652,41.0,2493504,31,39,3772,27298
-6.161555,3.5910017,2.1670346,160.0,5325688,11,39,6106,7444
-6.042889,3.5717673,2.1334527,338.0,5373688,22,39,7322,7327
-5.984695,3.5871303,2.1208236,381.0,5420168,24,39,6658,7283
-5.9134393,3.593962,2.103602,396.0,5468008,26,39,7234,7223
-5.8325367,3.5940306,2.082936,407.0,5520608,27,39,7925,7151
-5.7347913,3.582595,2.0562427,413.0,5567088,26,39,8197,7058
-5.647124,3.5762415,2.0329936,461.0,5615328,29,39,8098,6977
-5.574269,3.578254,2.014911,445.0,5665568,28,39,7971,6914
-5.4903574,3.5722017,1.9928099,432.0,5714048,27,39,8268,6837
-5.427534,3.5789537,1.9781715,487.0,5761768,30,39,8417,6786
-5.3728037,3.5903876,1.9664035,528.0,5810048,33,39,8615,6745
-5.308616,3.594846,1.9511911,519.0,5859008,32,39,8204,6692
-5.2453685,3.5991945,1.9362657,592.0,5912168,36,39,8038,6640
-5.173613,3.5968938,1.9181831,555.0,5961440,34,39,8131,6577
-5.1154046,3.6032186,1.9049798,628.0,6006720,39,39,8507,6531
-5.043273,3.5989585,1.8866102,543.0,6059080,32,39,8616,6467
-4.991582,3.6085289,1.8757032,565.0,6108440,34,39,8304,6429
-4.9082623,3.5944169,1.853028,688.0,6152520,42,39,7676,6350
-4.8668714,3.610211,1.8458525,768.0,6205200,47,39,9116,6325
-4.8224077,3.6233332,1.8375287,843.0,6252600,53,39,8345,6296
-4.789407,3.6447403,1.8335103,946.0,6304280,59,39,5254,6282
-4.7631574,3.6711376,1.8320752,1026.0,6353200,65,39,3045,6277
-4.742053,3.7014725,1.8326492,924.0,6398840,56,39,1493,6279
-4.750831,3.755428,1.8447044,658.0,6445200,36,39,822,6321
-4.728447,3.7851062,1.8449913,323.0,6495480,16,39,824,6322
-4.734915,3.838157,1.8564724,432.0,6546200,23,39,817,6362
-4.71572,3.8707814,1.8581946,431.0,6593600,23,39,766,6368
-4.706622,3.9118798,1.8639351,470.0,6645560,25,39,856,6388
-4.700864,3.9560935,1.8711108,459.0,6693640,24,39,809,6413
-4.6991167,4.0041084,1.8800086,463.0,6741680,25,39,914,6444
-4.690425,4.0466223,1.8863231,388.0,6789960,20,39,789,6466
-4.672725,4.081623,1.8891934,399.0,6841800,21,39,787,6476
-4.681338,4.1400223,1.9026836,224.0,6889520,11,39,707,6523
-4.6729846,4.183993,1.9095722,125.0,6938840,6,39,459,6547
-4.686992,4.2485895,1.9256457,35.0,6985720,1,39,551,6603
-4.6678967,4.283741,1.928516,753.0,7033720,45,39,1046,6613
-4.653462,4.3233786,1.9333954,914.0,7082960,58,39,1338,6630
-4.65617,4.3793964,1.9454505,670.0,7132480,39,39,1008,6672
-4.6555886,4.4329686,1.9563575,603.0,7184200,34,39,1144,6710
-4.6517634,4.4840403,1.9661164,687.0,7228440,42,39,1256,6744
-4.655032,4.5425854,1.9790326,675.0,7281712,41,39,1318,6789
-4.6666207,4.610085,1.9956801,571.0,7326592,33,39,1257,6847
-4.689754,4.6900816,2.0174942,787.0,7378872,51,39,1317,6923
-4.683116,4.741246,2.0269659,677.0,7426592,42,39,1203,6956
-4.71418,4.831563,2.0527983,553.0,7473872,33,39,1212,7046
-4.7183685,4.8955536,2.0674367,520.0,7523632,32,39,916,7097
-4.698816,4.9355073,2.072029,471.0,7574072,28,39,708,7113
-4.6553106,4.950297,2.0662885,417.0,7621632,24,39,785,7093
-4.629415,4.9836783,2.0682976,398.0,7668872,23,39,671,7100
-4.615598,5.0303316,2.0757604,334.0,7721152,19,39,726,7126
19.711584,6.7895126,6.2769623,14.0,23491656,6,39,1219,21763
20.08744,6.101729,6.3205905,22.0,23785216,8,39,801,21915
20.089611,5.9679875,6.3096833,21.0,23828856,7,39,848,21877
27.229725,7.189319,8.468694,18.0,24073776,18,39,2375,29399
-25.890059,4.353853,7.5338387,49.0,98280,24,40,3944,27304
-21.740158,4.3449574,6.3667703,51.0,344160,16,40,3110,23057
-7.7196493,4.132524,2.5330577,40.0,2689264,2,40,1883,9106
-7.877441,4.2794957,2.592689,110.0,2737104,6,40,3945,9323
-6.4510593,3.5552213,2.1356993,209.0,2786344,7,40,6649,7660
-6.3804636,3.567495,2.119761,472.0,2833424,16,40,7620,7602
-6.3041086,3.5757134,2.1018991,504.0,2880784,18,40,7086,7537
-6.2212305,3.5792906,2.0818388,483.0,2929864,16,40,7564,7464
-6.120284,3.5713153,2.055733,521.0,2979224,18,40,8095,7369
-6.03208,3.56959,2.033749,565.0,3030984,19,40,8030,7289
-5.9424825,3.5659277,2.0112157,606.0,3074624,20,40,8234,7207
-5.86137,3.5663044,1.99143,609.0,3128224,20,40,8583,7135
-5.7878413,3.570369,1.9741178,589.0,3173024,19,40,8485,7072
-5.700632,3.5649915,1.9521339,637.0,3225424,21,40,8422,6992
-5.6299443,3.5689857,1.935646,654.0,3273024,21,40,8278,6932
-5.5610414,3.5732882,1.9197077,690.0,3320064,22,40,7954,6874
-5.4955206,3.5789814,1.9048686,635.0,3370096,20,40,8160,6820
-5.4213176,3.5781748,1.8870068,688.0,3420936,22,40,8480,6755
-5.354523,3.581409,1.871618,640.0,3468496,19,40,8662,6699
-5.273575,3.5742404,1.851283,725.0,3515056,22,40,8643,6625
-5.211139,3.5787454,1.8372682,698.0,3567536,21,40,8319,6574
-5.1527934,3.5853684,1.8246275,695.0,3612336,21,40,8418,6528
-5.099277,3.5947378,1.8136356,739.0,3664576,22,40,8689,6488
-5.0388017,3.5985527,1.8001704,754.0,3714736,23,40,9024,6439
-4.961343,3.5893517,1.7806597,711.0,3763136,21,40,8858,6368
-4.9113197,3.5992472,1.770767,799.0,3810616,24,40,9939,6332
-4.861363,3.608665,1.7608743,892.0,3860776,26,40,6952,6296
-4.8229985,3.6262808,1.7551035,880.0,3907296,26,40,6909,6275
-4.759371,3.624322,1.7402644,1102.0,3954896,35,40,8029,6221
-4.730194,3.6481674,1.7377912,1234.0,4003616,41,40,4973,6212
-4.7077203,3.6771226,1.7377912,1244.0,4054296,40,40,2649,6212
-4.691099,3.7107155,1.7399895,1156.0,4104176,36,40,1332,6220
-4.723744,3.7839496,1.7603246,251.0,4151456,5,40,394,6294
-4.6929293,4.1023445,1.8119867,30.0,4495096,1,40,495,6482
-4.624493,4.0928006,1.7954988,520.0,4543776,13,40,707,6422
-4.628636,4.1474247,1.8067656,683.0,4594136,18,40,725,6463
-4.651498,4.2197084,1.8254519,151.0,4640616,3,40,418,6531
-4.6248107,4.247519,1.8251771,116.0,4690048,2,40,600,6530
-4.615551,4.2915406,1.8317722,1302.0,4737528,47,40,1063,6554
-4.5968285,4.3270345,1.834795,1340.0,4785888,50,40,1330,6565
-4.5994086,4.383036,1.8463365,992.0,4835688,32,40,1150,6607
-4.593175,4.4312153,1.8545805,867.0,4882728,26,40,1214,6637
-4.609895,4.5023384,1.8721676,1114.0,4934248,37,40,1302,6701
-4.6054153,4.553539,1.8815107,1099.0,4980968,38,40,1318,6735
-4.6351156,4.6395645,1.9048686,1221.0,5033808,44,40,1331,6820
-4.6342335,4.695994,1.9161353,1359.0,5078528,53,40,1414,6861
-4.6281376,4.747763,1.9254785,1130.0,5129488,39,40,1250,6895
-4.6535716,4.8328986,1.948012,819.0,5176048,26,40,1066,6977
-4.654955,4.8941245,1.9609275,910.0,5226488,30,40,1073,7024
-4.637996,4.9366174,1.9664234,1009.0,5278208,35,40,892,7044
-4.6291885,4.988253,1.9754918,738.0,5325688,23,40,845,7077
-4.654333,5.077551,1.9991244,463.0,5373688,13,40,536,7163
-25.098825,4.2121058,6.9930663,29.0,882512,17,41,2899,26384
-23.381271,4.21941,6.530497,45.0,977672,22,41,2783,24631
-6.7609034,3.5647452,2.121706,248.0,3420936,11,41,7198,7923
-6.6462135,3.5565405,2.092944,349.0,3468496,15,41,7535,7814
-6.583583,3.5751522,2.080278,402.0,3515056,17,41,6928,7766
-6.4846535,3.573107,2.0562656,405.0,3567536,18,41,7990,7675
-6.3918924,3.5732799,2.0341,414.0,3612336,17,41,8619,7591
-6.2909865,3.5676906,2.0092962,426.0,3664576,18,41,8764,7497
-6.1995893,3.5662916,1.9873946,405.0,3714736,16,41,8741,7414
-6.117612,3.5692554,1.9683957,463.0,3763136,19,41,8697,7342
-6.0184026,3.5610304,1.9438555,481.0,3810616,19,41,8782,7249
-5.933587,3.5601635,1.9238012,468.0,3860776,18,41,8580,7173
-5.8457155,3.5563853,1.9026914,473.0,3907296,17,41,8669,7093
-5.77207,3.5602753,1.8860674,480.0,3954896,18,41,8723,7030
-5.696964,3.5623736,1.8689156,474.0,4003616,17,41,9079,6965
-5.6367135,3.5729837,1.8565136,538.0,4054296,20,41,9159,6918
-5.5538297,3.5683858,1.8367231,524.0,4104176,18,41,8965,6843
-5.4817233,3.5697517,1.8203629,534.0,4151456,19,41,9008,6781
-5.413031,3.572494,1.8050584,545.0,4201776,19,41,8984,6723
-5.346918,3.5761383,1.7905453,611.0,4248936,21,41,9059,6668
-5.290546,3.5856028,1.7791988,626.0,4298856,22,41,8949,6625
-5.22313,3.5868638,1.764158,642.0,4345336,22,41,8827,6568
-5.1582747,3.5890872,1.7499089,743.0,4394696,25,41,8379,6514
-5.103049,3.5973217,1.7388262,683.0,4443496,22,41,8746,6472
-5.045563,3.6033323,1.726952,709.0,4495096,23,41,9162,6427
-4.985072,3.6065116,1.7140222,744.0,4543776,25,41,9566,6378
-4.930178,3.6130776,1.7029395,755.0,4594136,25,41,6892,6336
-4.9373417,3.6651142,1.7129667,242.0,4640616,7,41,2819,6374
-4.822262,3.62576,1.6813018,84.0,4690048,3,41,9734,6254
-4.7561903,3.621961,1.6662611,675.0,4737528,21,41,7243,6197
-4.736168,3.6528442,1.6670527,1189.0,4785888,43,41,6263,6200
-4.7136655,3.6818361,1.6670527,1260.0,4835688,46,41,2715,6200
-4.6977925,3.7160764,1.6694276,1217.0,4882728,43,41,1331,6209
-4.7426434,3.7991202,1.6931762,151.0,4934248,3,41,439,6299
-4.7356043,4.139585,1.7514921,20.0,5278208,1,41,382,6520
-4.6458426,4.1116567,1.7280074,511.0,5325688,14,41,689,6431
-4.652128,4.168414,1.7396178,381.0,5373688,10,41,634,6475
-4.672177,4.238367,1.7565057,115.0,5420168,3,41,372,6539
-4.63827,4.2597766,1.7536031,86.0,5468008,2,41,652,6528
-4.6297016,4.3045797,1.7601999,1109.0,5520608,42,41,1016,6553
-4.616544,4.34547,1.7652135,1222.0,5567088,49,41,1385,6572
-4.6079454,4.3910193,1.7720742,1112.0,5615328,42,41,1330,6598
-4.6079836,4.445334,1.7823652,1000.0,5665568,36,41,1358,6637
-4.599249,4.491724,1.7894899,1029.0,5714048,38,41,1312,6664
-4.6285205,4.5761585,1.8113912,1284.0,5761768,55,41,1376,6747
-4.707366,4.7116237,1.8528193,2831.0,5810048,185,41,1432,6904
-4.6736255,4.7356124,1.8509723,2850.0,5859008,183,41,1377,6897
-4.5872607,4.7054815,1.8285431,1959.0,5912168,104,41,1423,6812
-4.6706805,4.850287,1.8728737,785.0,5961440,29,41,1220,6980
-4.662765,4.9019217,1.8815815,753.0,6006720,27,41,1010,7013
-4.651089,4.9501257,1.88897,854.0,6059080,32,41,994,7041
-4.6553974,5.0160484,1.9029553,649.0,6108440,23,41,937,7094
-4.6421266,5.0637193,1.9100798,336.0,6152520,11,41,564,7121
21.373035,6.9015007,6.17506,42.0,22073544,12,41,564,23284
25.462526,6.86203,7.245065,26.0,22463664,15,41,2096,27339
27.70456,5.6701984,7.767006,12.0,22955816,9,41,1549,29317
-7.0935984,3.5755875,2.1003451,173.0,4054296,11,42,7233,8208
-6.95522,3.5595477,2.066316,304.0,4104176,18,42,7071,8073
-6.872273,3.5704906,2.048419,259.0,4151456,15,42,7767,8002
-6.7766156,3.573782,2.026741,300.0,4201776,18,42,8565,7916
-6.62913,3.5481882,1.9896867,347.0,4248936,20,42,8782,7769
-6.5460014,3.555552,1.9715377,343.0,4298856,19,42,8747,7697
-6.453711,3.556894,1.950616,355.0,4345336,19,42,8768,7614
-6.369256,3.5614882,1.9319628,360.0,4394696,20,42,8629,7540
-6.270679,3.5570667,1.9090246,384.0,4443496,20,42,8507,7449
-6.1942096,3.5641153,1.89264,389.0,4495096,21,42,8458,7384
-6.1036816,3.5620713,1.8719703,348.0,4543776,19,42,8506,7302
-6.01508,3.5600376,1.8518047,390.0,4594136,20,42,8262,7222
-5.940843,3.5655153,1.8359244,415.0,4640616,21,42,8644,7159
-5.853539,3.5621707,1.816011,428.0,4690048,21,42,8471,7080
-5.781328,3.5670338,1.8006347,504.0,4737528,25,42,8761,7019
-5.707639,3.57012,1.7847544,544.0,4785888,27,42,8719,6956
-5.6161494,3.5610406,1.7633284,518.0,4835688,24,42,8931,6871
-5.5559273,3.5708504,1.7514812,588.0,4882728,28,42,8558,6824
-5.4860663,3.5737197,1.7366091,565.0,4934248,26,42,8282,6765
-5.4309196,3.5854611,1.7262743,584.0,4980968,28,42,8546,6724
-5.3508997,3.5799851,1.7081252,572.0,5033808,26,42,8776,6652
-5.2815685,3.5807207,1.6932532,584.0,5078528,26,42,8780,6593
-5.218015,3.5845761,1.6801455,630.0,5129488,29,42,8709,6541
-5.1554093,3.58834,1.66729,693.0,5176048,30,42,8639,6490
-5.0969105,3.5942593,1.6556948,655.0,5226488,28,42,9064,6444
-5.0322337,3.5950978,1.642083,661.0,5278208,28,42,8743,6390
-4.975581,3.600951,1.630992,698.0,5325688,30,42,8701,6346
-4.930756,3.614825,1.623682,703.0,5373688,28,42,5527,6317
-4.9294634,3.6605842,1.6304879,97.0,5420168,3,42,1236,6344
-4.846577,3.645403,1.6108265,208.0,5468008,7,42,4419,6266
-4.7617555,3.6275852,1.5904089,682.0,5520608,28,42,8306,6185
-4.73481,3.6531887,1.5888964,1173.0,5567088,56,42,5373,6179
-4.716881,3.6857462,1.5904089,1186.0,5615328,55,42,2378,6185
-4.7108746,3.7278264,1.5959544,1044.0,5665568,45,42,1152,6207
-4.783834,3.833494,1.6279672,47.0,5714048,1,42,406,6334
-4.7131815,4.1213427,1.6619966,48.0,6059080,1,42,435,6469
-4.6595416,4.1251736,1.6521659,564.0,6108440,22,42,722,6430
-4.645674,4.164018,1.656199,575.0,6152520,22,42,757,6446
-4.654442,4.223653,1.6682982,55.0,6205200,1,42,353,6494
-4.6220236,4.2462416,1.6660297,107.0,6252600,3,42,685,6485
-4.627775,4.3041725,1.6773728,1028.0,6304280,49,42,1052,6530
-4.6188955,4.3490677,1.6836746,1062.0,6353200,52,42,1321,6555
-4.6159434,4.4000235,1.6922449,986.0,6398840,47,42,1346,6589
-4.6160216,4.4544654,1.7020756,919.0,6445200,42,42,1367,6628
-4.614912,4.5083966,1.7116542,900.0,6495480,41,42,1273,6666
-4.6353354,4.5842514,1.7292991,1331.0,6546200,77,42,1247,6736
-4.7069845,4.71255,1.7661012,2831.0,6593600,184,42,1200,6882
-4.6820593,4.7454753,1.7676136,2842.0,6645560,189,42,1385,6888
-4.6278577,4.748478,1.7582871,1472.0,6693640,91,42,1156,6851
-4.676504,4.8576384,1.7875271,732.0,6741680,35,42,1200,6967
-4.667287,4.907976,1.7953413,720.0,6789960,34,42,885,6998
-4.656965,4.957678,1.8029033,720.0,6841800,34,42,838,7028
-4.64555,5.0067277,1.8102133,624.0,6889520,29,42,962,7057
-4.669676,5.0950537,1.8313872,230.0,6938840,10,42,409,7141
23.520432,6.966111,6.420814,22.0,23048336,15,42,2375,25348
-27.578863,2.392266,6.882264,91.0,1810512,56,43,2256,28517
-27.701996,2.9175708,6.9250245,27.0,1957272,25,43,3436,28695
-24.925653,4.026863,6.280012,35.0,2394624,23,43,2914,26010
-24.947386,4.187595,6.2917833,37.0,2441664,22,43,2408,26059
-20.873013,3.6361573,5.274898,27.0,2493504,12,43,2139,21826
-20.71752,3.7402165,5.2415066,37.0,2542064,14,43,1805,21687
-7.1696367,3.5626373,2.0128417,156.0,4785888,12,43,7863,8247
-7.0626893,3.56375,1.9892993,263.0,4835688,20,43,8293,8149
-6.9335337,3.5521894,1.959511,255.0,4882728,19,43,8203,8025
-6.8728433,3.57453,1.9487008,301.0,4934248,22,43,8317,7980
-6.7468815,3.5618517,1.9196332,382.0,4980968,27,43,8455,7859
-6.653006,3.5647104,1.899454,354.0,5033808,25,43,8197,7775
-6.5499682,3.561457,1.8766323,341.0,5078528,24,43,8408,7680
-6.418318,3.541147,1.8456429,330.0,5129488,23,43,8399,7551
-6.3507147,3.5548835,1.8326706,356.0,5176048,25,43,8241,7497
-6.2705207,3.560742,1.8160949,416.0,5226488,28,43,8651,7428
-6.169461,3.5536501,1.7935134,422.0,5278208,28,43,8457,7334
-6.07208,3.5474107,1.7718929,413.0,5325688,27,43,8478,7244
-6.010935,3.561368,1.7606022,426.0,5373688,28,43,8156,7197
-5.9332004,3.5647204,1.744507,484.0,5420168,32,43,8210,7130
-5.8448725,3.5606952,1.7252886,493.0,5468008,31,43,7950,7050
-5.7725177,3.5654044,1.7106347,519.0,5520608,33,43,8192,6989
-5.679751,3.556494,1.6899751,486.0,5567088,30,43,8342,6903
-5.6086297,3.5600939,1.6755614,543.0,5615328,34,43,8385,6843
-5.5540137,3.5734508,1.6659523,549.0,5665568,35,43,8532,6803
-5.480737,3.5740883,1.650818,535.0,5714048,34,43,8565,6740
-5.4109044,3.5761013,1.6366445,555.0,5761768,34,43,8469,6681
-5.348517,3.5822504,1.6246331,602.0,5810048,37,43,8592,6631
-5.279027,3.5828676,1.6104597,588.0,5859008,36,43,8495,6572
-5.2105336,3.5833178,1.5965265,596.0,5912168,36,43,8526,6514
-5.147015,3.5863903,1.5840346,577.0,5961440,34,43,8484,6462
-5.082864,3.58826,1.5713025,592.0,6006720,35,43,8384,6409
-5.0307336,3.5979412,1.5621738,674.0,6059080,41,43,8407,6371
-4.988115,3.613947,1.5559279,648.0,6108440,39,43,8549,6345
-4.943924,3.628418,1.5492015,548.0,6152520,30,43,3862,6317
-4.8701262,3.6204956,1.5333464,92.0,6205200,4,43,1749,6251
-4.845492,3.6485596,1.5326258,277.0,6252600,15,43,5883,6248
-4.753511,3.6252887,1.5110053,780.0,6304280,47,43,8074,6158
-4.7488556,3.6680238,1.5165305,1085.0,6353200,71,43,3940,6181
-4.7300844,3.700081,1.5177317,1065.0,6398840,68,43,1848,6186
-4.7209954,3.7398753,1.5220557,787.0,6445200,45,43,997,6204
-4.7541175,3.910556,1.554967,46.0,6593600,2,43,360,6341
-4.6487336,4.069242,1.5604923,143.0,6841800,7,43,612,6364
-4.66293,4.1324315,1.5734645,341.0,6889520,17,43,605,6418
-4.6700177,4.1901164,1.5842748,250.0,6938840,12,43,535,6463
-4.6399064,4.214779,1.5828334,23.0,6985720,1,43,380,6457
-4.6411247,4.2681217,1.5919621,143.0,7033720,7,43,694,6495
-4.6404405,4.320315,1.6006104,937.0,7082960,60,43,1191,6531
-4.6244464,4.3586874,1.6042137,909.0,7132480,57,43,1246,6546
-4.6278315,4.4157767,1.6145436,459.0,7184200,25,43,742,6589
-4.6118274,4.4548736,1.6183872,519.0,7228440,29,43,1025,6605
-4.6226006,4.5203915,1.6315998,832.0,7281712,51,43,1244,6660
-4.645857,4.5991755,1.6493766,1845.0,7326592,115,43,1259,6734
-4.7149715,4.725111,1.683489,2807.0,7378872,176,43,1251,6876
-4.696118,4.7643166,1.6870924,2777.0,7426592,167,43,1402,6891
-4.6667957,4.7930417,1.6870924,908.0,7473872,59,43,1152,6891
-4.69251,4.878924,1.7067912,678.0,7523632,42,43,1102,6973
-4.6818867,4.9280224,1.7137578,740.0,7574072,47,43,941,7002
-4.676819,4.98354,1.7228864,603.0,7621632,36,43,894,7040
-4.6646414,5.0320654,1.7296128,535.0,7668872,32,43,909,7068
-4.7169833,5.151468,1.7601217,122.0,7721152,6,43,388,7195
23.513578,6.9590898,6.1000814,22.0,23828856,10,43,679,25261
-26.403673,4.065356,6.2830644,46.0,0,22,44,3311,27436
-22.23817,4.266661,5.330461,57.0,292880,17,44,3006,23255
-7.377787,3.5920825,1.9520336,73.0,2394624,3,44,4650,8427
-7.199411,3.5599523,1.91125,269.0,2441664,11,44,8438,8248
-7.071299,3.550701,1.8834535,418.0,2493504,17,44,8120,8126
-6.952248,3.5444407,1.8579352,434.0,2542064,17,44,8404,8014
-6.848241,3.544471,1.8362904,420.0,2590064,16,44,8441,7919
-6.744498,3.5433602,1.8146454,483.0,2637464,18,44,8372,7824
-6.641888,3.54157,1.7932284,471.0,2689264,17,44,8597,7730
-6.548119,3.543294,1.7740897,539.0,2737104,19,44,8914,7646
-6.445195,3.538842,1.7524449,534.0,2786344,19,44,8917,7551
-6.363835,3.54512,1.736496,579.0,2833424,21,44,8527,7481
-6.2724733,3.5447798,1.717813,607.0,2880784,21,44,8354,7399
-6.1881137,3.547331,1.7009528,615.0,2929864,21,44,8490,7325
-6.106486,3.5504515,1.6847761,594.0,2979224,20,44,8338,7254
-6.025055,3.5527053,1.6685992,597.0,3030984,20,44,8189,7183
-5.951347,3.5585964,1.6544732,631.0,3074624,21,44,8313,7121
-5.865311,3.5561383,1.6369294,677.0,3128224,22,44,8501,7044
-5.7969446,3.563478,1.6241703,689.0,3173024,22,44,8133,6988
-5.71219,3.5598044,1.6068543,668.0,3225424,22,44,8410,6912
-5.64745,3.5677192,1.5950066,731.0,3273024,23,44,8656,6860
-5.578731,3.5723467,1.5820197,687.0,3320064,22,44,8501,6803
-5.514252,3.5789192,1.570172,771.0,3370096,25,44,8427,6751
-5.4303885,3.5719817,1.5528561,744.0,3420936,23,44,8525,6675
-5.366256,3.577125,1.5410084,754.0,3468496,23,44,8342,6623
-5.305493,3.5837991,1.530072,780.0,3515056,25,44,8779,6575
-5.244048,3.5893128,1.5189077,769.0,3567536,24,44,8893,6526
-5.175539,3.5892098,1.505693,788.0,3612336,24,44,8686,6468
-5.106434,3.587842,1.4922503,767.0,3664576,23,44,8843,6409
-5.046264,3.5919795,1.481314,744.0,3714736,22,44,8944,6361
-4.986237,3.5955145,1.4703776,784.0,3763136,22,44,9095,6313
-4.936575,3.6059222,1.4624032,867.0,3810616,25,44,8734,6278
-4.884627,3.6141179,1.4537451,743.0,3860776,20,44,4794,6240
-4.870926,3.6504502,1.4562514,72.0,3907296,1,44,1384,6251
-4.760839,3.6136878,1.4305054,222.0,3954896,5,44,4847,6138
-4.7177444,3.6267948,1.4243537,822.0,4003616,23,44,9343,6111
-4.7000093,3.6592662,1.4257207,1295.0,4054296,42,44,5383,6117
-4.677468,3.688036,1.4257207,1342.0,4104176,43,44,2066,6117
-4.6653976,3.72518,1.4289105,1172.0,4151456,35,44,1063,6131
-4.670623,4.0699434,1.4815418,34.0,4495096,1,44,413,6362
-4.612724,4.0695167,1.4712889,545.0,4543776,13,44,705,6317
-4.617424,4.1243563,1.4806304,829.0,4594136,23,44,904,6358
-4.602857,4.162414,1.484048,785.0,4640616,22,44,742,6373
-4.648288,4.255717,1.5066043,34.0,4690048,1,44,331,6472
-4.597108,4.260976,1.4986298,247.0,4737528,6,44,571,6437
-4.5999713,4.3164387,1.5079713,1486.0,4785888,56,44,1371,6478
-4.579749,4.3506217,1.5100219,1414.0,4835688,52,44,1429,6487
-4.57401,4.398902,1.5168571,1180.0,4882728,39,44,1210,6517
-4.574822,4.454072,1.5259708,939.0,4934248,29,44,1157,6557
-4.5744348,4.5087323,1.5348566,1144.0,4980968,39,44,1336,6596
-4.5990357,4.589017,1.5521725,1687.0,5033808,75,44,1302,6672
-4.6652665,4.7127,1.5836146,2804.0,5078528,159,44,1447,6810
-4.6410246,4.746113,1.5852095,2837.0,5129488,182,44,1405,6817
-4.591534,4.753478,1.5783743,1581.0,5176048,69,44,1230,6787
-4.6361723,4.859098,1.6034367,914.0,5226488,29,44,1181,6897
-4.636971,4.920067,1.6139175,932.0,5278208,31,44,932,6943
-4.626586,4.969818,1.6207527,907.0,5325688,30,44,885,6973
-4.606543,5.009587,1.6243981,881.0,5373688,29,44,981,6989
-4.6254406,5.092565,1.6417141,367.0,5420168,10,44,480,7065
25.140978,7.1409674,6.147499,24.0,21586232,9,44,775,26841
26.996511,7.31092,6.576524,14.0,21683904,8,44,1569,28724
-27.377974,3.891916,6.1627617,24.0,684360,19,45,3677,28324
-27.326538,4.055816,6.1567016,23.0,731040,19,45,3711,28296
-7.3583074,3.5910788,1.8473886,98.0,3173024,5,45,6631,8386
-7.1673226,3.552455,1.8056158,290.0,3225424,14,45,8579,8193
-7.059935,3.5533373,1.7844048,344.0,3273024,17,45,8935,8095
-6.964979,3.559259,1.7662238,383.0,3320064,18,45,9002,8011
-6.839891,3.5484097,1.7404674,410.0,3370096,19,45,9084,7892
-6.7376595,3.5479927,1.7203386,439.0,3420936,19,45,8881,7799
-6.6589394,3.558885,1.7060536,415.0,3468496,18,45,8653,7733
-6.541726,3.5479941,1.6820288,460.0,3515056,19,45,8697,7622
-6.471084,3.561227,1.6696917,434.0,3567536,18,45,8794,7565
-6.351945,3.54659,1.6450176,469.0,3612336,19,45,8850,7451
-6.268907,3.5508425,1.629434,497.0,3664576,20,45,8971,7379
-6.186905,3.5546975,1.6140667,532.0,3714736,22,45,8732,7308
-6.1025634,3.556206,1.5980502,456.0,3763136,17,45,8854,7234
-6.0226407,3.559299,1.5831158,468.0,3810616,18,45,8872,7165
-5.9546347,3.568575,1.5712117,490.0,3860776,19,45,8742,7110
-5.8700585,3.567008,1.5549787,496.0,3907296,18,45,8516,7035
-5.8023505,3.5747843,1.5430745,511.0,3954896,19,45,8301,6980
-5.715727,3.569966,1.5261922,496.0,4003616,17,45,8653,6902
-5.642579,3.5725796,1.512773,537.0,4054296,19,45,8997,6840
-5.57126,3.575486,1.4997866,549.0,4104176,19,45,8967,6780
-5.495209,3.574458,1.4855016,613.0,4151456,22,45,9276,6714
-5.433238,3.5817704,1.4748961,645.0,4201776,22,45,9207,6665
-5.367327,3.5857453,1.4632083,640.0,4248936,22,45,9070,6611
-5.298341,3.5868573,1.4506549,693.0,4298856,24,45,9062,6553
-5.2408137,3.594993,1.4411315,678.0,4345336,22,45,9154,6509
-5.180983,3.6008866,1.4309589,756.0,4394696,25,45,9172,6462
-5.1156917,3.6022465,1.4192711,775.0,4443496,26,45,9476,6408
-5.0545535,3.6057777,1.4086655,862.0,4495096,30,45,9528,6359
-4.9951487,3.6098392,1.3984928,893.0,4543776,29,45,9080,6312
-4.94455,3.619654,1.390701,826.0,4594136,27,45,8862,6276
-4.888531,3.6249127,1.3813941,676.0,4640616,20,45,3565,6233
-4.8622947,3.6519074,1.380312,165.0,4690048,4,45,2582,6228
-4.7737594,3.631416,1.3619145,844.0,4737528,27,45,8175,6143
-4.7390156,3.6511028,1.3584515,1309.0,4785888,47,45,6772,6127
-4.7172933,3.680713,1.358668,1414.0,4835688,53,45,3518,6128
-4.693088,3.7083774,1.3582351,1314.0,4882728,46,45,1690,6126
-4.6999693,3.7608995,1.3666762,821.0,4934248,25,45,828,6165
-4.6414948,4.0530167,1.3982764,116.0,5278208,2,45,497,6311
-4.6538343,4.1144075,1.4093149,591.0,5325688,17,45,850,6362
-4.639411,4.1526546,1.4125614,697.0,5373688,21,45,897,6377
-4.634819,4.20006,1.4188381,539.0,5420168,15,45,673,6406
-4.710377,4.321502,1.4493562,9.0,5468008,1,45,382,6547
-4.630132,4.300481,1.4331232,688.0,5520608,21,45,946,6472
-4.6143246,4.338844,1.4363698,1364.0,5567088,55,45,1606,6487
-4.6109457,4.3892937,1.4435123,1182.0,5615328,43,45,1501,6520
-4.597984,4.4310555,1.447841,1146.0,5665568,44,45,1467,6540
-4.5965595,4.484416,1.4558494,1070.0,5714048,40,45,1400,6577
-4.589792,4.533121,1.4623425,1148.0,5761768,44,45,1406,6607
-4.6212525,4.6205754,1.4809563,2098.0,5810048,107,45,1357,6693
-4.5941863,4.6502333,1.4813893,2727.0,5859008,146,45,1627,6695
-4.6439652,4.758703,1.5062798,2766.0,5912168,151,45,1404,6810
-4.6289053,4.8018723,1.510825,964.0,5961440,36,45,1272,6831
-4.6592603,4.893122,1.5300882,839.0,6006720,31,45,1199,6920
-4.645868,4.9394007,1.5354991,897.0,6059080,34,45,982,6945
-4.6367326,4.9907064,1.5424252,788.0,6108440,29,45,989,6977
-4.6179028,5.032013,1.5463212,719.0,6152520,26,45,1020,6995
24.316652,7.049637,5.645038,15.0,22318264,9,45,2020,25932
-20.07357,4.3954086,4.3292174,36.0,2054304,14,46,1755,20993
-7.3520093,3.5965104,1.7438651,109.0,3954896,8,46,8046,8361
-7.1518373,3.5531733,1.7023177,180.0,4003616,11,46,6420,8158
-6.9437413,3.5031114,1.6587237,69.0,4054296,5,46,5708,7945
-6.896849,3.5327146,1.6527884,146.0,4104176,8,46,3393,7916
-6.811641,3.5420115,1.6378477,309.0,4151456,17,46,6166,7843
-6.72485,3.5494838,1.6224977,335.0,4201776,19,46,8629,7768
-6.607161,3.5393913,1.5997796,342.0,4248936,19,46,8892,7657
-6.5431767,3.5569656,1.589751,381.0,4298856,21,46,8901,7608
-6.4440827,3.5545118,1.5713309,351.0,4345336,19,46,8380,7518
-6.3529563,3.555278,1.554753,393.0,4394696,21,46,8463,7437
-6.2748356,3.5623078,1.5412449,378.0,4443496,20,46,7240,7371
-6.169723,3.552888,1.5211875,397.0,4495096,20,46,8639,7273
-6.1072316,3.5669894,1.5113635,400.0,4543776,21,46,8787,7225
-6.020375,3.565997,1.4956042,453.0,4594136,23,46,8790,7148
-5.922853,3.5575242,1.4771842,467.0,4640616,23,46,8913,7058
-5.858272,3.567841,1.4667462,504.0,4690048,25,46,8848,7007
-5.7954555,3.5785286,1.4567175,551.0,4737528,27,46,8605,6958
-5.716964,3.5787156,1.4428002,568.0,4785888,27,46,8712,6890
-5.6436496,3.581221,1.4301108,566.0,4835688,26,46,8618,6828
-5.5672283,3.5808456,1.4166027,581.0,4882728,27,46,8819,6762
-5.5025077,3.5871499,1.4059601,648.0,4934248,29,46,8926,6710
-5.428936,3.586862,1.393066,625.0,4980968,28,46,8679,6647
-5.3450017,3.5787303,1.3775114,685.0,5033808,31,46,8476,6571
-5.2986393,3.5949776,1.3713714,673.0,5078528,30,46,8440,6541
-5.246632,3.6069107,1.3637987,706.0,5129488,31,46,8771,6504
-5.1754003,3.6049185,1.3513141,689.0,5176048,30,46,8713,6443
-5.11719,3.6112168,1.3421041,775.0,5226488,34,46,8788,6398
-5.0471525,3.6084006,1.329824,699.0,5278208,31,46,9606,6338
-4.9939947,3.616916,1.321842,754.0,5325688,32,46,9162,6299
-4.9290833,3.616233,1.31079,791.0,5373688,33,46,8461,6245
-4.8879433,3.6324012,1.305878,834.0,5420168,36,46,8501,6221
-4.8194146,3.6276042,1.2938026,1031.0,5468008,47,46,9604,6162
-4.7861657,3.6488016,1.2909373,1123.0,5520608,53,46,8193,6148
-4.748964,3.6667373,1.2870487,1304.0,5567088,62,46,4815,6129
-4.7294607,3.6982186,1.2878673,1322.0,5615328,62,46,2527,6133
-4.7112846,3.7308135,1.2890953,1165.0,5665568,53,46,1441,6139
-4.739476,3.8006685,1.302808,243.0,5714048,8,46,445,6206
-4.788215,4.1382732,1.3558167,11.0,6006720,1,46,333,6465
-4.653692,4.0722,1.325526,318.0,6059080,11,46,596,6317
-4.6659904,4.1337733,1.3359641,571.0,6108440,22,46,878,6368
-4.648555,4.169513,1.3382154,631.0,6152520,25,46,881,6379
-4.6699944,4.24072,1.3515188,204.0,6205200,7,46,430,6444
-4.65758,4.2818785,1.3554074,66.0,6252600,2,46,456,6463
-4.641252,4.3197103,1.3582727,1102.0,6304280,52,46,1422,6477
-4.6196475,4.352805,1.3597054,1211.0,6353200,59,46,1394,6484
-4.6282725,4.414842,1.3699387,896.0,6398840,41,46,1265,6534
-4.6144776,4.4560738,1.3738275,900.0,6445200,41,46,1224,6553
-4.6045504,4.5014067,1.378944,1008.0,6495480,48,46,1363,6578
-4.620683,4.572944,1.3918381,1179.0,6546200,60,46,1312,6641
-4.6713824,4.680172,1.4151701,2751.0,6593600,155,46,1311,6755
-4.6796947,4.746379,1.4262221,2760.0,6645560,157,46,1429,6809
-4.579444,4.7020903,1.4049368,2204.0,6693640,118,46,1406,6705
-4.6672525,4.8514066,1.4401395,803.0,6741680,37,46,1206,6877
-4.6684203,4.912586,1.4495542,749.0,6789960,36,46,1101,6923
-4.6542706,4.9582634,1.4544661,853.0,6841800,43,46,898,6947
-4.6417327,5.0061045,1.4599922,661.0,6889520,31,46,901,6974
-4.655232,5.0828457,1.4737048,514.0,6938840,23,46,683,7041
24.430866,7.0638137,5.3500957,31.0,23098176,18,46,1987,25981
27.500366,7.2250957,5.977809,26.0,23296456,20,46,1966,29048
-24.898302,4.210612,4.9871426,30.0,2441664,16,47,1283,25733
-23.479538,4.26791,4.714916,15.0,2542064,9,47,1482,24319
-7.1708565,3.5193837,1.6001034,120.0,4737528,10,47,6844,8140
-6.8574777,3.4181304,1.5361861,298.0,4785888,19,47,3029,7808
-6.9125667,3.4986567,1.5529355,72.0,4835688,5,47,1873,7895
-6.854302,3.5221872,1.5448496,207.0,4882728,12,47,1447,7853
-6.813415,3.5542033,1.5406141,236.0,4934248,16,47,6454,7831
-6.7073345,3.5514452,1.5219395,344.0,4980968,24,47,7955,7734
-6.635268,3.565619,1.5107732,349.0,5033808,25,47,8531,7676
-6.5253644,3.5583918,1.491136,371.0,5078528,26,47,8384,7574
-6.4398513,3.5632412,1.4768894,380.0,5129488,26,47,8601,7500
-6.3468227,3.5628579,1.46091,452.0,5176048,31,47,8775,7417
-6.248073,3.5580726,1.443583,424.0,5226488,28,47,8241,7327
-6.1776743,3.5683928,1.4326093,454.0,5278208,30,47,8200,7270
-6.087905,3.5665863,1.4172075,426.0,5325688,28,47,8398,7190
-5.9983935,3.563814,1.4018058,509.0,5373688,34,47,8449,7110
-5.9200783,3.5666559,1.3889068,518.0,5420168,33,47,8132,7043
-5.8603854,3.5799155,1.3802433,533.0,5468008,34,47,8123,6998
-5.788236,3.584835,1.3686919,470.0,5520608,30,47,7572,6938
-5.7104297,3.585356,1.355793,538.0,5567088,33,47,7587,6871
-5.6328363,3.5850582,1.3428941,559.0,5615328,35,47,8064,6804
-5.571962,3.594574,1.3338455,549.0,5665568,34,47,8321,6757
-5.494752,3.5927482,1.3209466,510.0,5714048,31,47,8053,6690
-5.4194126,3.5911949,1.3084326,562.0,5761768,34,47,8460,6625
-5.363046,3.6014245,1.3003467,592.0,5810048,36,47,8543,6583
-5.307571,3.61165,1.2924533,576.0,5859008,35,47,8317,6542
-5.236009,3.6102006,1.2807094,595.0,5912168,35,47,8439,6481
-5.177543,3.616994,1.272046,620.0,5961440,37,47,8375,6436
-5.1103783,3.616976,1.2612647,623.0,6006720,37,47,8682,6380
-5.0378246,3.6122723,1.2491359,609.0,6059080,35,47,8680,6317
-4.98697,3.6223729,1.242205,667.0,6108440,39,47,8677,6281
-4.934601,3.630824,1.2348893,682.0,6152520,40,47,8164,6243
-4.8744445,3.632911,1.2256482,808.0,6205200,50,47,8661,6195
-4.834823,3.649756,1.2214127,873.0,6252600,55,47,9137,6173
-4.77958,3.6543417,1.2133267,1037.0,6304280,65,47,6383,6131
-4.7570677,3.6835997,1.2133267,1159.0,6353200,75,47,3258,6131
-4.7351484,3.7133243,1.2135192,1127.0,6398840,71,47,1705,6132
-4.7191944,3.7477965,1.2152519,1628.0,6445200,105,47,988,6141
-4.689224,3.7711523,1.2135192,2802.0,6495480,169,47,863,6132
-4.669041,3.8023305,1.2142893,2792.0,6546200,167,47,837,6136
-4.6410775,3.8271646,1.2131342,1603.0,6593600,104,47,433,6130
-4.8344417,4.0870433,1.2749338,13.0,6693640,1,47,310,6451
-4.6681786,4.0458755,1.2449003,59.0,6789960,2,47,460,6295
-4.6690955,4.0970793,1.2516387,555.0,6841800,30,47,901,6330
-4.660017,4.1399794,1.2558742,567.0,6889520,31,47,917,6352
-4.668107,4.19866,1.2647301,410.0,6938840,21,47,641,6398
-4.718483,4.2965484,1.2849449,14.0,6985720,1,47,367,6503
-4.664599,4.300162,1.2776291,355.0,7033720,18,47,836,6465
-4.6402793,4.3307095,1.2782067,1164.0,7082960,79,47,1378,6468
-4.6393123,4.3833456,1.2851374,929.0,7132480,57,47,1370,6504
-4.6272297,4.4259644,1.2891804,865.0,7184200,54,47,1303,6525
-4.6267896,4.480196,1.2964963,890.0,7228440,56,47,1247,6563
-4.618144,4.527037,1.3016944,779.0,7281712,47,47,1304,6590
-4.6432476,4.6077886,1.316326,1032.0,7326592,68,47,1251,6666
-4.6917768,4.7133436,1.337696,2068.0,7378872,121,47,1099,6777
-4.673783,4.753232,1.3407763,2188.0,7426592,125,47,1161,6793
-4.6691575,4.8071465,1.347707,826.0,7473872,52,47,1241,6829
-4.6817203,4.8795824,1.3596435,664.0,7523632,40,47,1240,6891
-4.679384,4.9374027,1.3675369,673.0,7574072,41,47,1036,6932
-4.6570535,4.9746137,1.369847,697.0,7621632,43,47,984,6944
-4.6484413,5.026858,1.3762003,580.0,7668872,35,47,918,6977
-4.665851,5.1081495,1.3902545,240.0,7721152,13,47,461,7050
20.84552,6.842968,4.337381,26.0,23587336,11,47,1857,22358
22.149372,6.971313,4.588622,37.0,23684616,17,47,1857,23663
26.622156,7.1391187,5.4405317,20.0,24026616,15,47,1772,28088
-26.172213,3.9969883,4.882921,21.0,0,11,48,2289,26916
-8.905222,4.255919,1.8411933,58.0,2343944,4,48,5578,10034
-8.828512,4.2859745,1.8309233,83.0,2394624,6,48,7449,9977
-7.1508594,3.5250826,1.4936342,235.0,2441664,9,48,7302,8105
-6.8107677,3.409339,1.4284106,506.0,2493504,17,48,3576,7743
-6.8186493,3.4657876,1.4343565,124.0,2542064,4,48,1936,7776
-6.8042464,3.511173,1.4357978,332.0,2590064,11,48,1721,7784
-6.7616677,3.541892,1.4314736,542.0,2637464,19,48,5706,7760
-6.693789,3.5588174,1.4219242,575.0,2689264,21,48,8430,7707
-6.5835533,3.5521352,1.4035463,600.0,2737104,22,48,8757,7605
-6.505569,3.5617306,1.3918349,646.0,2786344,23,48,8733,7540
-6.4036474,3.5571167,1.3750786,648.0,2833424,23,48,8577,7447
-6.31231,3.5571885,1.3604844,701.0,2880784,25,48,8259,7366
-6.2365828,3.56507,1.3491333,697.0,2929864,25,48,8336,7303
-6.1541924,3.5682065,1.3363408,706.0,2979224,24,48,8358,7232
-6.071153,3.5699682,1.3233681,672.0,3030984,23,48,8770,7160
-5.9883265,3.5708468,1.3103955,704.0,3074624,23,48,8439,7088
-5.8998294,3.5672786,1.2961615,716.0,3128224,24,48,8761,7009
-5.832562,3.575625,1.286432,749.0,3173024,25,48,8522,6955
-5.7570643,3.578084,1.2749008,721.0,3225424,23,48,8577,6891
-5.6892457,3.5844758,1.2649912,779.0,3273024,25,48,8832,6836
-5.6049933,3.5795727,1.251478,834.0,3320064,27,48,8951,6761
-5.539177,3.5855422,1.2419287,826.0,3370096,26,48,8891,6708
-5.476788,3.593,1.2331,828.0,3420936,26,48,8767,6659
-5.4079676,3.5954673,1.22283,776.0,3468496,24,48,8817,6602
-5.343402,3.599977,1.2134609,777.0,3515056,24,48,8991,6550
-5.2765503,3.6021657,1.2035512,828.0,3567536,25,48,8578,6495
-5.2155347,3.6075912,1.1949028,844.0,3612336,26,48,8277,6447
-5.1578736,3.6146646,1.186975,775.0,3664576,23,48,8234,6403
-5.0874963,3.612048,1.1761645,869.0,3714736,27,48,8390,6343
-5.0309157,3.6184773,1.1684169,844.0,3763136,24,48,8915,6300
-4.9720654,3.6226103,1.1601288,824.0,3810616,24,48,9191,6254
-4.9141464,3.626743,1.1520209,831.0,3860776,24,48,9117,6209
-4.870539,3.6409123,1.1471561,919.0,3907296,27,48,8362,6182
-4.7924557,3.6285357,1.1343637,1119.0,3954896,34,48,9541,6111
-4.7607393,3.6506846,1.1322016,1238.0,4003616,40,48,8283,6099
-4.7250495,3.6695619,1.1291386,1508.0,4054296,54,48,4612,6082
-4.7086263,3.703354,1.13058,1497.0,4104176,52,48,2081,6090
-4.6942735,3.7389224,1.1325619,1620.0,4151456,60,48,1546,6101
-4.6811914,3.7756898,1.1349043,2729.0,4201776,138,48,832,6114
-4.676972,3.81991,1.1394086,2835.0,4248936,165,48,937,6139
-4.646627,3.842889,1.137787,2701.0,4298856,135,48,642,6130
-4.698332,3.9345293,1.1558046,142.0,4345336,3,48,330,6230
-4.671852,3.9613738,1.155264,59.0,4394696,1,48,337,6227
-4.671327,4.0104837,1.1610297,57.0,4443496,1,48,332,6259
-4.667406,4.057153,1.1660746,48.0,4495096,1,48,406,6287
-4.638734,4.0824637,1.1651738,563.0,4543776,14,48,785,6282
-4.6334147,4.12853,1.1700385,901.0,4594136,25,48,1004,6309
-4.6160245,4.164135,1.1720204,911.0,4640616,25,48,909,6320
-4.623052,4.222251,1.1801283,226.0,4690048,5,48,378,6365
-4.6562457,4.305333,1.1949028,82.0,4737528,1,48,417,6447
-4.609646,4.314988,1.1898578,1469.0,4785888,55,48,1433,6419
-4.5973535,4.356732,1.1934613,1514.0,4835688,58,48,1561,6439
-4.5982003,4.4114337,1.2004882,1420.0,4882728,52,48,1462,6478
-4.5964327,4.4642515,1.2069745,1332.0,4934248,47,48,1417,6514
-4.592787,4.515833,1.2131006,1309.0,4980968,48,48,1405,6548
-4.585893,4.5647593,1.2185057,1218.0,5033808,42,48,1282,6578
-4.6125007,4.648002,1.2327397,1060.0,5078528,34,48,1216,6657
-4.63,4.723307,1.2448114,1294.0,5129488,48,48,1248,6724
-4.614608,4.7657685,1.248415,1198.0,5176048,43,48,1188,6744
-4.642354,4.8537374,1.2635497,1061.0,5226488,36,48,1293,6828
-4.638813,4.9100313,1.2705766,1043.0,5278208,35,48,1048,6867
-4.6273775,4.958549,1.2756215,1149.0,5325688,40,48,973,6895
-4.608192,4.9991503,1.2786845,1084.0,5373688,38,48,919,6912
-4.608536,5.0615335,1.2871528,821.0,5420168,26,48,772,6959
-28.867004,3.1935828,4.9979973,17.0,443280,14,49,2330,29464
-27.353104,4.050012,4.7600904,20.0,731040,11,49,1270,28052
-8.9148855,4.279697,1.7239116,81.0,3128224,7,49,6011,10032
-7.4071984,3.6117582,1.4421974,95.0,3173024,5,49,6372,8360
-6.915007,3.4243474,1.3525611,320.0,3225424,13,49,6679,7828
-6.856002,3.447664,1.345316,486.0,3273024,20,49,2852,7785
-6.8531528,3.4990828,1.3488543,389.0,3320064,15,49,2277,7806
-6.8333035,3.5419748,1.3491913,444.0,3370096,18,49,2180,7808
-6.7634683,3.5585845,1.3399245,467.0,3420936,20,49,7818,7753
-6.6945577,3.5749362,1.3308259,500.0,3468496,22,49,8544,7699
-6.5832415,3.567557,1.3134716,536.0,3515056,23,49,8848,7596
-6.4878173,3.5675004,1.29915,493.0,3567536,21,49,9260,7511
-6.403834,3.5726535,1.2870188,474.0,3612336,19,49,9152,7439
-6.312314,3.5725405,1.2733711,547.0,3664576,22,49,9119,7358
-6.230441,3.5768406,1.2615769,570.0,3714736,22,49,9257,7288
-6.154718,3.583745,1.250962,633.0,3763136,25,49,9173,7225
-6.064719,3.5813324,1.2374829,595.0,3810616,23,49,9038,7145
-5.9885135,3.5860572,1.2266996,600.0,3860776,22,49,9356,7081
-5.899001,3.5817947,1.2132204,591.0,3907296,22,49,9410,7001
-5.8282332,3.5879421,1.203448,607.0,3954896,23,49,9026,6943
-5.7701554,3.601188,1.196203,647.0,4003616,23,49,8617,6900
-5.6721573,3.588553,1.1808704,617.0,4054296,22,49,8501,6809
-5.601083,3.5918853,1.1709296,609.0,4104176,22,49,8951,6750
-5.539273,3.6003926,1.162842,680.0,4151456,24,49,8870,6702
-5.477571,3.6082776,1.1547545,747.0,4201776,26,49,9291,6654
-5.4159822,3.615542,1.1466671,739.0,4248936,26,49,9640,6606
-5.346349,3.6166625,1.1368947,758.0,4298856,27,49,9553,6548
-5.276907,3.617066,1.1271223,768.0,4345336,26,49,9664,6490
-5.2141395,3.6212542,1.1186979,762.0,4394696,26,49,9643,6440
-5.1474905,3.6219723,1.1094309,855.0,4443496,29,49,9321,6385
-5.0850434,3.6248717,1.1010065,911.0,4495096,32,49,9609,6335
-5.0283494,3.6311831,1.0937614,926.0,4543776,31,49,9712,6292
-4.973361,3.6381004,1.0868534,979.0,4594136,33,49,9488,6251
-4.9192705,3.6450675,1.0801138,941.0,4640616,32,49,9218,6211
-4.8440003,3.6355283,1.068825,1128.0,4690048,40,49,8512,6144
-4.8114023,3.6574252,1.0666347,1243.0,4737528,44,49,9600,6131
-4.768566,3.67124,1.062254,1520.0,4785888,61,49,6972,6105
-4.7436185,3.6986115,1.0617484,1582.0,4835688,64,49,3020,6102
-4.7293434,3.7343695,1.0636019,1548.0,4882728,61,49,1869,6113
-4.704801,3.7620864,1.0632648,2343.0,4934248,115,49,986,6111
-4.718393,3.820666,1.0713524,2858.0,4980968,177,49,1214,6159
-4.700196,3.853922,1.0725317,2836.0,5033808,173,49,1112,6166
-4.6013937,3.8203368,1.0558513,1365.0,5078528,48,49,443,6067
-4.8325863,4.1136136,1.1183609,19.0,5176048,1,49,343,6438
-4.705727,4.055649,1.0954463,39.0,5226488,1,49,283,6302
-4.755752,4.1499186,1.1124637,12.0,5278208,1,49,297,6403
-4.691794,4.1450768,1.1037023,48.0,5325688,1,49,394,6351
-4.6809626,4.186933,1.1070721,74.0,5373688,2,49,415,6371
-4.6646805,4.2241793,1.1092625,81.0,5420168,2,49,397,6384
-4.6401267,4.2540545,1.1095995,48.0,5468008,1,49,360,6386
-4.6291056,4.2965307,1.1131377,1188.0,5520608,44,49,1374,6407
-4.619174,4.340381,1.117013,1445.0,5567088,60,49,1654,6430
-4.6188745,4.393785,1.123247,1265.0,5615328,48,49,1489,6467
-4.6095743,4.4391403,1.1274593,1253.0,5665568,47,49,1510,6492
-4.5977736,4.482482,1.1311661,1144.0,5714048,41,49,1421,6514
-4.6220875,4.561858,1.1436343,786.0,5761768,26,49,1140,6588
-4.616318,4.6124315,1.1490259,886.0,5810048,31,49,1118,6620
-4.644745,4.698161,1.162842,1176.0,5859008,46,49,1380,6702
-4.641306,4.7526703,1.1690762,1087.0,5912168,42,49,1413,6739
-4.649004,4.8193755,1.1781746,992.0,5961440,37,49,1255,6793
-4.6533375,4.8834977,1.186599,903.0,6006720,33,49,1275,6843
-4.6536803,4.944264,1.1941811,984.0,6059080,37,49,1070,6888
-4.6313076,4.9813895,1.196203,994.0,6108440,37,49,867,6900
-4.626652,5.038032,1.202774,653.0,6152520,23,49,749,6939
-4.630082,5.104297,1.2115355,394.0,6205200,12,49,473,6991
24.582314,7.1359324,4.4089584,17.0,22318264,10,49,1854,25968
26.818104,7.2523613,4.782331,20.0,22463664,13,49,1934,28184
-26.746904,3.9938996,4.3220005,23.0,1514672,16,50,1884,27381
-26.100231,4.0612397,4.222242,20.0,1562752,14,50,1901,26744
-25.455711,4.121114,4.1227965,25.0,1610952,15,50,1730,26109
-8.796614,4.238106,1.5821637,97.0,3907296,10,50,7759,9886
-7.3225517,3.5836847,1.3265814,112.0,3954896,8,50,7900,8254
-7.1774783,3.5674636,1.304813,255.0,4003616,16,50,8615,8115
-7.071683,3.5691738,1.2899354,294.0,4054296,17,50,8842,8020
-6.9758096,3.5746746,1.2767804,331.0,4104176,19,50,8009,7936
-6.854726,3.5659206,1.2590839,290.0,4151456,16,50,8192,7823
-6.748865,3.5636547,1.2440495,326.0,4201776,18,50,9000,7727
-6.668541,3.5737505,1.2335569,391.0,4248936,21,50,9070,7660
-6.5753326,3.5759203,1.2207152,419.0,4298856,23,50,9094,7578
-6.4667854,3.5684958,1.2050544,416.0,4345336,22,50,9026,7478
-6.3956404,3.5806155,1.1961279,449.0,4394696,24,50,8961,7421
-6.2962484,3.5759068,1.1820333,517.0,4443496,28,50,8941,7331
-6.21342,3.5794792,1.1709142,444.0,4495096,23,50,8820,7260
-6.136757,3.5856578,1.1608913,511.0,4543776,27,50,8740,7196
-6.048357,3.5839849,1.148676,548.0,4594136,29,50,8698,7118
-5.9729114,3.5889916,1.1388098,546.0,4640616,27,50,9197,7055
-5.886668,3.5865304,1.1269076,523.0,4690048,26,50,9074,6979
-5.8275743,3.5997517,1.1200169,535.0,4737528,26,50,8400,6935
-5.7651925,3.6102877,1.1124998,584.0,4785888,27,50,8671,6887
-5.6862235,3.6096115,1.1018505,651.0,4835688,31,50,8965,6819
-5.616619,3.6139803,1.092924,667.0,4882728,32,50,9184,6762
-5.543868,3.6154745,1.0833709,664.0,4934248,30,50,9027,6701
-5.482024,3.6232908,1.0758538,740.0,4980968,34,50,9162,6653
-5.415371,3.6271884,1.067397,735.0,5033808,34,50,9486,6599
-5.3554163,3.6348414,1.0601931,751.0,5078528,35,50,9332,6553
-5.2744117,3.6273496,1.0489174,726.0,5129488,32,50,9247,6481
-5.2155848,3.6342428,1.0418701,813.0,5176048,37,50,9182,6436
-5.1488037,3.6348572,1.0332568,815.0,5226488,37,50,9053,6381
-5.082213,3.6347902,1.0246433,793.0,5278208,34,50,9353,6326
-5.0302176,3.6444714,1.0188489,834.0,5325688,36,50,9489,6289
-4.9822774,3.6565733,1.0138375,877.0,5373688,38,50,9572,6257
-4.930415,3.6652794,1.008043,910.0,5420168,40,50,8764,6220
-4.8628526,3.6616087,0.9991164,1060.0,5468008,49,50,8147,6163
-4.829297,3.682995,0.9969239,1148.0,5520608,55,50,8724,6149
-4.7894087,3.6992793,0.9934786,1331.0,5567088,64,50,4820,6127
-4.7689543,3.730422,0.9939484,1410.0,5615328,69,50,2284,6130
-4.7498465,3.762679,0.9947314,1323.0,5665568,62,50,1459,6135
-4.7798367,3.834385,1.0055373,187.0,5714048,6,50,355,6204
-4.7921977,4.247024,1.0492307,11.0,6108440,1,50,300,6483
-4.762372,4.2730513,1.0484476,26.0,6152520,1,50,419,6478
-4.6549,4.2284946,1.0310643,768.0,6205200,32,50,1046,6367
-4.660133,4.285719,1.0377983,1281.0,6252600,65,50,1610,6410
-4.6489315,4.3283625,1.041087,1248.0,6304280,62,50,1623,6431
-4.659666,4.3920255,1.0492307,1095.0,6353200,51,50,1497,6483
-4.649067,4.4362125,1.0528326,1094.0,6398840,51,50,1579,6506
-4.6352587,4.4776907,1.0558081,1100.0,6445200,54,50,1504,6525
-4.6465416,4.54402,1.0644215,1334.0,6495480,73,50,1200,6580
-4.6536736,4.6071815,1.0722518,949.0,6546200,44,50,1153,6630
-4.6504354,4.660814,1.0778897,850.0,6593600,38,50,1329,6666
-4.6904,4.7588863,1.0933938,1018.0,6645560,51,50,1334,6765
-4.679718,4.8066797,1.0976222,915.0,6693640,44,50,1279,6792
-4.674788,4.8609266,1.10326,803.0,6741680,37,50,1338,6828
-4.6734495,4.919588,1.1098375,885.0,6789960,42,50,1193,6870
-4.660751,4.9668937,1.1139092,913.0,6841800,44,50,1056,6896
-4.624143,4.98888,1.1124998,941.0,6889520,46,50,1140,6887
-4.582104,5.0047774,1.1098375,901.0,6938840,43,50,1090,6870
-4.6023297,5.089195,1.1218963,522.0,6985720,23,50,740,6947
18.588404,6.7592993,3.1701572,18.0,22565184,6,50,1270,20026
19.574232,6.847064,3.3220658,25.0,22662664,9,50,1357,20996
25.313309,7.146231,4.2045455,31.0,23148936,19,50,1775,26631
-28.032936,2.485769,4.1549263,42.0,1810512,30,51,2573,28443
-28.552505,3.9516544,4.2547445,25.0,2200864,19,51,1815,29132
-24.72653,4.1993294,3.7065403,30.0,2441664,17,51,1823,25348
-23.49337,4.287348,3.5309527,25.0,2542064,13,51,1710,24136
-8.966615,4.2715898,1.4885148,54.0,4640616,7,51,5929,10038
-8.819977,4.268388,1.4689567,76.0,4690048,9,51,7730,9903
-7.29176,3.5849445,1.2239743,124.0,4737528,10,51,7864,8212
-7.1483183,3.5691242,1.2041265,225.0,4785888,17,51,8130,8075
-7.0591965,3.5789473,1.1931161,260.0,4835688,19,51,8665,7999
-6.9447064,3.5746927,1.1779042,281.0,4882728,21,51,8530,7894
-6.8629937,3.586108,1.1680528,257.0,4934248,18,51,8287,7826
-6.7464304,3.5781298,1.1524065,382.0,4980968,27,51,8087,7718
-6.6598577,3.5847874,1.1416857,328.0,5033808,22,51,8078,7644
-6.5647736,3.5857801,1.1295162,373.0,5078528,26,51,8476,7560
-6.4794536,3.5910137,1.1189405,387.0,5129488,27,51,8591,7487
-6.377927,3.586131,1.105612,402.0,5176048,27,51,8505,7395
-6.2921824,3.5889554,1.0948913,415.0,5226488,28,51,8645,7321
-6.209216,3.592349,1.0846052,434.0,5278208,28,51,8601,7250
-6.1273007,3.595361,1.0744641,446.0,5325688,29,51,8786,7180
-6.05409,3.6025596,1.0657716,504.0,5373688,33,51,8654,7120
-5.9725494,3.603889,1.0556303,505.0,5420168,32,51,8586,7050
-5.898821,3.6089978,1.046793,549.0,5468008,35,51,8329,6989
-5.826098,3.6138597,1.0381006,541.0,5520608,35,51,8332,6929
-5.7535396,3.6179664,1.0294081,519.0,5567088,32,51,8181,6869
-5.6744742,3.617069,1.0195566,595.0,5615328,38,51,8402,6801
-5.60229,3.6196306,1.0108643,594.0,5665568,38,51,8538,6741
-5.5377426,3.626318,1.0034757,567.0,5714048,35,51,8531,6690
-5.469202,3.6296172,0.99536264,589.0,5761768,36,51,8380,6634
-5.404938,3.6349716,0.98797405,575.0,5810048,35,51,7408,6583
-5.3465414,3.6435719,0.9815996,540.0,5859008,32,51,7134,6539
-5.29639,3.6572106,0.9766739,603.0,5912168,35,51,6891,6505
-5.2300515,3.6590376,0.9688507,600.0,5961440,35,51,7418,6451
-5.1550083,3.653901,0.95943385,672.0,6006720,40,51,8100,6386
-5.092288,3.656632,0.9521901,571.0,6059080,33,51,7399,6336
-5.0513434,3.6744332,0.948858,568.0,6108440,32,51,7438,6313
-4.9984193,3.6830738,0.9433528,560.0,6152520,32,51,8133,6275
-4.9281273,3.678195,0.9346603,709.0,6205200,42,51,7861,6215
-4.8817754,3.6904788,0.9303141,771.0,6252600,46,51,7031,6185
-4.825241,3.69452,0.9240845,1036.0,6304280,67,51,5531,6142
-4.80561,3.7264807,0.924664,1115.0,6353200,72,51,2577,6146
-4.7896614,3.7613928,0.9259679,1158.0,6398840,76,51,1942,6155
-4.7757897,3.7980952,0.92770636,1092.0,6445200,70,51,1680,6167
-4.7639604,3.8366294,0.9298795,1150.0,6495480,75,51,1659,6182
-4.7556734,3.878285,0.932777,1124.0,6546200,73,51,1642,6202
-4.747054,3.919983,0.9356744,1036.0,6593600,65,51,1571,6222
-4.7365828,3.9604523,0.9382822,990.0,6645560,61,51,1337,6240
-4.726548,4.001579,0.9410348,947.0,6693640,57,51,1265,6259
-4.724455,4.0498095,0.94538105,787.0,6741680,45,51,1079,6289
-4.7025075,4.0813146,0.9459605,559.0,6789960,29,51,921,6293
-4.7019176,4.131629,0.9507414,443.0,6841800,22,51,770,6326
-4.6949697,4.1768317,0.9543632,871.0,6889520,52,51,1216,6351
-4.6964703,4.2300453,0.9597236,1043.0,6938840,67,51,1629,6388
-4.6835947,4.270775,0.96233135,1020.0,6985720,65,51,1504,6406
-4.6791244,4.3195534,0.96667755,1016.0,7033720,65,51,1516,6436
-4.673508,4.367762,0.9708789,983.0,7082960,62,51,1538,6465
-4.670352,4.418782,0.9756598,969.0,7132480,61,51,1484,6498
-4.6653147,4.4685597,0.9801509,928.0,7184200,59,51,1533,6529
-4.6605525,4.519129,0.98478687,853.0,7228440,53,51,1315,6561
-4.6758337,4.5898952,0.99362415,748.0,7281712,44,51,1229,6622
-4.6826954,4.653351,1.0008678,733.0,7326592,43,51,1206,6672
-4.686859,4.7149577,1.007677,790.0,7378872,49,51,1280,6719
-4.691829,4.778201,1.0147759,733.0,7426592,45,51,1272,6768
-4.696888,4.8423915,1.0220195,828.0,7473872,52,51,1178,6818
-4.704074,4.909679,1.0298427,838.0,7523632,53,51,1058,6872
-4.6908736,4.956406,1.0334646,861.0,7574072,55,51,992,6897
-4.652936,4.977149,1.031871,790.0,7621632,49,51,1148,6886
-4.6155925,4.9983397,1.0304222,1185.0,7668872,85,51,1114,6876
-4.579499,5.020721,1.0292633,1720.0,7721152,110,51,787,6868
17.68723,6.2765985,2.7822423,37.0,23391896,10,51,1429,18968
17.506754,6.0918164,2.7483416,85.0,23444056,21,51,1416,18734
17.592495,6.000903,2.755875,100.0,23491656,25,51,1595,18786
17.646814,5.8988085,2.7586277,50.0,23540216,13,51,1271,18805
17.780052,5.701765,2.7681894,85.0,23635016,22,51,2056,18871
-26.797985,4.0687456,3.656018,44.0,0,18,52,1961,27346
-24.87505,4.0894074,3.4026806,24.0,98280,10,52,1927,25433
-23.795275,4.2122555,3.2632325,39.0,194280,13,52,1875,24380
-21.638857,4.3804216,2.9843361,24.0,392520,8,52,1858,22274
-20.92271,4.3691316,2.8903115,44.0,443280,11,52,1855,21564
-17.07548,4.6740766,2.3999252,33.0,927352,6,52,1738,17861
-8.970024,4.2773333,1.362341,51.0,2343944,3,52,4706,10026
-8.767019,4.246665,1.3361201,170.0,2394624,10,52,8081,9828
-7.302063,3.5918193,1.1218493,146.0,2441664,6,52,7360,8210
-7.192123,3.5926626,1.1087388,414.0,2493504,16,52,8552,8111
-7.0471,3.5743415,1.0903311,530.0,2542064,20,52,8938,7972
-6.962485,3.5852652,1.0809287,553.0,2590064,21,52,8902,7901
-6.837607,3.574144,1.0654345,581.0,2637464,22,52,9213,7784
-6.7682786,3.5909219,1.0582832,631.0,2689264,24,52,9179,7730
-6.666722,3.5895813,1.0462321,631.0,2737104,23,52,8990,7639
-6.56283,3.585704,1.0337838,717.0,2786344,27,52,8925,7545
-6.47744,3.5907905,1.0241164,684.0,2833424,24,52,8987,7472
-6.3931007,3.5954516,1.0145816,702.0,2880784,25,52,8844,7400
-6.3012037,3.5947895,1.0038548,712.0,2929864,25,52,8806,7319
-6.2249966,3.6020808,0.9955117,713.0,2979224,24,52,8751,7256
-6.1429567,3.6050584,0.98624164,777.0,3030984,27,52,8808,7186
-6.0602655,3.6066587,0.9768391,737.0,3074624,25,52,8074,7115
-5.9888167,3.6140451,0.96915823,722.0,3128224,23,52,6939,7057
-5.9268045,3.6263874,0.9629341,705.0,3173024,23,52,6722,7010
-5.8362403,3.6203246,0.95220727,732.0,3225424,24,52,7306,6929
-5.7744937,3.631245,0.9459831,774.0,3273024,25,52,7867,6882
-5.6977954,3.631946,0.9373752,735.0,3320064,23,52,7904,6817
-5.628798,3.6366894,0.9299591,647.0,3370096,20,52,7929,6761
-5.559959,3.6407237,0.9225431,718.0,3420936,22,52,7942,6705
-5.488807,3.6424057,0.9147298,775.0,3468496,24,52,8136,6646
-5.4194903,3.6444602,0.90718126,802.0,3515056,25,52,8466,6589
-5.3536315,3.648037,0.9001625,845.0,3567536,27,52,8412,6536
-5.3009796,3.6599622,0.89526266,847.0,3612336,26,52,8187,6499
-5.229712,3.6583006,0.8873169,860.0,3664576,26,52,7720,6439
-5.173216,3.6662288,0.8817548,824.0,3714736,24,52,7205,6397
-5.12004,3.6759162,0.8767225,769.0,3763136,22,52,6174,6359
-5.068544,3.6862571,0.87195504,765.0,3810616,21,52,5319,6323
-5.0179124,3.696694,0.86732006,742.0,3860776,20,52,4617,6288
-4.968138,3.7072418,0.86281747,651.0,3907296,17,52,3777,6254
-4.9215865,3.7197115,0.8588446,632.0,3954896,16,52,3262,6224
-4.87743,3.7335594,0.85526896,749.0,4003616,20,52,2949,6197
-4.8458166,3.7567306,0.8538122,798.0,4054296,21,52,2038,6186
-4.8273497,3.7900689,0.8546068,429.0,4104176,10,52,824,6192
-4.8125334,3.8264086,0.85606354,44.0,4151456,1,52,473,6203
-4.7787447,3.9948943,0.8667903,651.0,4345336,16,52,744,6284
-4.7359953,4.0087605,0.863612,1108.0,4394696,33,52,1011,6260
-4.717326,4.042908,0.86467147,1371.0,4443496,46,52,1203,6268
-4.6961718,4.0750275,0.8653336,1444.0,4495096,51,52,1416,6273
-4.6941504,4.1240606,0.8694389,1270.0,4543776,41,52,1208,6304
-4.7109485,4.1903615,0.8769874,856.0,4594136,24,52,1060,6361
-4.701343,4.233791,0.8799008,1141.0,4640616,36,52,1135,6383
-4.681865,4.2685723,0.88109267,1291.0,4690048,44,52,1232,6392
-4.683247,4.3227835,0.886125,1471.0,4737528,55,52,1417,6430
-4.669663,4.3636274,0.88850874,1388.0,4785888,50,52,1342,6448
-4.6651087,4.4133277,0.89261407,1457.0,4835688,54,52,1392,6479
-4.6594043,4.46245,0.89658695,1428.0,4882728,52,52,1598,6509
-4.6603837,4.5185714,0.9018841,1369.0,4934248,51,52,1462,6549
-4.6573143,4.5713983,0.9065191,1350.0,4980968,50,52,1462,6584
-4.6565814,4.6271524,0.91168386,1314.0,5033808,47,52,1190,6623
-4.659529,4.687289,0.9176432,1195.0,5078528,41,52,1349,6668
-4.6556664,4.7412667,0.92241067,1259.0,5129488,44,52,1343,6704
-4.6637306,4.808186,0.92956185,1237.0,5176048,45,52,1302,6758
-4.673203,4.8775296,0.9371103,1111.0,5226488,38,52,1306,6815
-4.6745086,4.9392457,0.9432021,1164.0,5278208,41,52,1006,6861
-4.648173,4.972182,0.94399667,1188.0,5325688,42,52,1069,6867
-4.609513,4.9918656,0.9424075,1284.0,5373688,47,52,1196,6855
-4.5908117,5.0332437,0.94479126,1798.0,5420168,89,52,883,6873
-4.6062536,5.112893,0.95406127,679.0,5468008,20,52,624,6943
17.181974,6.0830145,2.4698482,218.0,21101072,34,52,1575,18389
17.2864,6.000863,2.479383,89.0,21149672,16,52,3306,18461
18.387703,5.881432,2.6139312,37.0,21342992,8,52,2000,19477
18.372364,5.7525134,2.60678,57.0,21391792,19,52,8794,19423
18.38836,5.633871,2.6041315,433.0,21440872,88,52,2914,19403
18.399792,5.514112,2.600953,67.0,21487832,13,52,1522,19379
18.34291,5.37465,2.5883725,23.0,21539432,5,52,1773,19284
26.1035,7.300269,3.656018,16.0,21638744,8,52,1510,27346
-28.97509,3.9120796,3.588623,27.0,635120,18,53,1986,29453
-26.639565,4.097259,3.3108714,17.0,782232,10,53,1888,27151
-25.685669,4.111988,3.1966095,15.0,829312,9,53,1970,26204
-23.12321,4.286127,2.8932788,38.0,1024232,15,53,1813,23690
-8.947066,4.2894034,1.2408863,71.0,3128224,6,53,5829,9995
-8.736738,4.2546625,1.216031,148.0,3173024,11,53,8392,9789
-7.313564,3.6170483,1.0266001,135.0,3225424,7,53,7785,8219
-7.2051907,3.6186254,1.0148964,334.0,3273024,16,53,8788,8122
-7.0723166,3.6063797,0.99981433,404.0,3320064,19,53,9150,7997
-6.947802,3.5967503,0.98581815,453.0,3370096,21,53,9080,7881
-6.820161,3.583883,0.97133934,434.0,3420936,19,53,9351,7761
-6.7376103,3.5934193,0.96301407,473.0,3468496,21,53,8782,7692
-6.669169,3.6096416,0.95661926,465.0,3515056,19,53,7723,7639
-6.5859933,3.6170337,0.9481733,412.0,3567536,17,53,7557,7569
-6.5220556,3.634176,0.9423818,349.0,3612336,14,53,6474,7521
-6.40372,3.6198852,0.9289889,509.0,3664576,20,53,8113,7410
-6.3331676,3.6314485,0.92223215,503.0,3714736,20,53,8196,7354
-6.240408,3.6293032,0.91233826,430.0,3763136,16,53,8129,7272
-6.1547546,3.630194,0.90340966,471.0,3810616,18,53,8369,7198
-6.065921,3.6281328,0.89399844,527.0,3860776,20,53,8748,7120
-5.9977155,3.6374779,0.887483,591.0,3907296,22,53,8389,7066
-5.9177876,3.6388419,0.87927836,544.0,3954896,20,53,8147,6998
-5.84481,3.6435657,0.87203896,560.0,4003616,20,53,7567,6938
-5.7753553,3.6496542,0.8652822,578.0,4054296,20,53,6808,6882
-5.716913,3.6619914,0.86009395,549.0,4104176,19,53,5715,6839
-5.652711,3.6699646,0.8540611,519.0,4151456,17,53,5212,6789
-5.5844817,3.6745596,0.847425,563.0,4201776,19,53,4510,6734
-5.540359,3.6944327,0.84428793,508.0,4248936,16,53,4119,6708
-5.483045,3.705008,0.83922035,506.0,4298856,16,53,3784,6666
-5.434001,3.72063,0.83535933,541.0,4345336,17,53,3655,6634
-5.3841567,3.735224,0.8313777,520.0,4394696,16,53,3172,6601
-5.3400235,3.7533443,0.82824063,521.0,4443496,16,53,2987,6575
-5.278893,3.7589688,0.8225697,414.0,4495096,12,53,2446,6528
-5.2597537,3.7941933,0.82317305,425.0,4543776,13,53,2044,6533
-5.1786737,3.784214,0.8144857,315.0,4594136,8,53,1667,6461
-5.1529636,3.8141463,0.8141238,236.0,4640616,6,53,1240,6458
-5.0976977,3.8218668,0.8092975,122.0,4690048,3,53,952,6418
-5.00459,3.8002298,0.7986797,30.0,4737528,1,53,777,6330
-4.975671,3.8266284,0.7978351,32.0,4785888,1,53,752,6323
-4.9145117,3.827799,0.7920436,131.0,4835688,3,53,1025,6275
-4.951716,3.9058478,0.80145484,300.0,4882728,8,53,1405,6353
-4.927657,3.9361575,0.80145484,345.0,4934248,9,53,1759,6353
-4.859427,3.9307244,0.7945774,493.0,4980968,13,53,1819,6296
-4.8367524,3.9617257,0.7948187,574.0,5033808,16,53,1825,6298
-4.824576,4.001471,0.79674923,608.0,5078528,17,53,1580,6314
-4.8120937,4.041216,0.7986797,625.0,5129488,18,53,1110,6330
-4.8136706,4.0931787,0.8029027,334.0,5176048,9,53,1003,6365
-4.808773,4.1401296,0.80616045,101.0,5226488,2,53,888,6392
-4.825925,4.206747,0.8130379,77.0,5278208,2,53,750,6449
-4.8119283,4.246792,0.8149684,148.0,5325688,4,53,1079,6465
-4.790961,4.280868,0.815813,100.0,5373688,2,53,1014,6472
-4.7925725,4.3354964,0.8203979,238.0,5420168,6,53,1001,6510
-4.7761273,4.37421,0.8220871,135.0,5468008,3,53,993,6524
-4.7899547,4.4412384,0.8288439,260.0,5520608,7,53,926,6580
-4.75393,4.462391,0.82739604,1367.0,5567088,58,53,1063,6568
-4.703437,4.4695897,0.823535,46.0,5615328,1,53,979,6536
-4.7653303,4.5844116,0.8386171,573.0,5665568,18,53,931,6661
-4.7605743,4.6364255,0.84259874,115.0,5714048,3,53,611,6694
-4.7087135,4.6425443,0.8386171,531.0,5761768,16,53,1064,6661
-4.715262,4.70642,0.8446499,1091.0,5810048,41,53,1541,6711
-4.706541,4.7557297,0.84814894,1046.0,5859008,40,53,1450,6740
-4.708493,4.8164682,0.8535785,985.0,5912168,37,53,1407,6785
-4.691261,4.8581243,0.8557503,1034.0,5961440,39,53,1286,6803
-4.68534,4.9119635,0.8599733,811.0,6006720,28,53,1152,6838
-4.6748505,4.9615765,0.86347234,853.0,6059080,30,53,1254,6867
-4.6544614,5.0010695,0.8652822,910.0,6108440,33,53,1336,6882
-4.6498837,5.058041,0.8699878,467.0,6152520,15,53,969,6921
17.30325,6.207076,2.2692428,15.0,21830944,3,53,967,18518
18.350683,5.829826,2.3751793,52.0,22125744,12,53,1220,19396
18.361462,5.7094564,2.3720422,54.0,22171824,12,53,1088,19370
18.397099,5.596974,2.3721628,288.0,22219384,61,53,784,19371
18.404453,5.4760613,2.3687844,50.0,22269864,11,53,893,19343
18.375748,5.345013,2.3609416,20.0,22318264,5,53,1364,19278
-27.444677,4.10295,3.079209,28.0,1514672,19,54,1862,27916
-26.34348,4.1037817,2.95981,14.0,1562752,11,54,1808,26821
-22.052052,4.412765,2.5021675,24.0,1907872,12,54,2335,22624
-20.902449,4.450241,2.379497,45.0,2001512,16,54,1708,21499
-20.623268,4.5232716,2.3512557,26.0,2054304,10,54,1722,21240
-8.947432,4.312662,1.1247696,86.0,3907296,9,54,6331,9992
-8.678842,4.249061,1.0952197,107.0,3954896,10,54,8078,9721
-7.3343062,3.646972,0.9337309,125.0,4003616,8,54,6064,8240
-7.192878,3.6318872,0.9191195,264.0,4054296,16,54,7131,8106
-7.094378,3.6369667,0.909742,270.0,4104176,15,54,7268,8020
-6.974925,3.6299655,0.8977476,285.0,4151456,16,54,7638,7910
-6.871651,3.629992,0.8877159,348.0,4201776,19,54,8048,7818
-6.765138,3.6270113,0.877248,367.0,4248936,21,54,8532,7722
-6.670276,3.6290357,0.8681976,417.0,4298856,23,54,8298,7639
-6.55911,3.620909,0.8570755,435.0,4345336,23,54,7561,7537
-6.489064,3.6343794,0.8510783,459.0,4394696,25,54,6897,7482
-6.41478,3.644673,0.8445359,392.0,4443496,20,54,5939,7422
-6.3302803,3.6482387,0.83668494,398.0,4495096,20,54,4871,7350
-6.254563,3.6559205,0.82992446,391.0,4543776,19,54,4224,7288
-6.204647,3.6780136,0.82643515,373.0,4594136,18,54,4075,7256
-6.129987,3.6847854,0.8197837,362.0,4640616,17,54,3899,7195
-6.0605726,3.6938837,0.8137865,388.0,4690048,18,54,3481,7140
-6.011576,3.7148073,0.81040627,394.0,4737528,18,54,3140,7109
-5.9457026,3.7247179,0.80484515,317.0,4785888,14,54,2610,7058
-5.8950415,3.74355,0.8012469,289.0,4835688,12,54,2229,7025
-5.8485537,3.7645907,0.7981937,277.0,4882728,12,54,1790,6997
-5.803696,3.7862883,0.79535866,176.0,4934248,7,54,1452,6971
-5.744695,3.7982605,0.7906699,266.0,4980968,11,54,1740,6928
-5.7022853,3.820715,0.788162,363.0,5033808,15,54,1706,6905
-4.990858,4.263129,0.7552318,248.0,5961440,9,54,1749,6603
-4.9721255,4.3001733,0.7563222,318.0,6006720,12,54,1727,6613
-4.938915,4.3247085,0.7553409,379.0,6059080,15,54,1741,6604
-4.9167495,4.358887,0.7559951,507.0,6108440,20,54,1769,6610
-4.883992,4.383663,0.7551228,317.0,6152520,12,54,1785,6602
-4.8695116,4.4249105,0.7569765,266.0,6205200,10,54,1819,6619
-4.8510494,4.46278,0.7582849,256.0,6252600,9,54,1673,6631
-4.8381257,4.506008,0.76046574,305.0,6304280,11,54,1562,6651
-4.835705,4.559472,0.76428217,350.0,6353200,13,54,1484,6686
-4.8435965,4.6233683,0.7697342,348.0,6398840,14,54,1517,6736
-4.829436,4.6668134,0.771915,339.0,6445200,13,54,1519,6756
-4.8142133,4.7095633,0.77398676,368.0,6495480,15,54,1597,6775
-4.816308,4.769785,0.7787845,555.0,6546200,24,54,1741,6819
-4.797733,4.9295635,0.7897976,430.0,6693640,19,54,1203,6920
-4.7970247,4.989717,0.79448634,353.0,6741680,15,54,1065,6963
-4.7765875,5.029867,0.79612195,377.0,6789960,16,54,1173,6978
17.932812,5.779434,2.1019895,37.0,22856064,11,54,1429,18954
-28.955338,4.027935,2.8762667,14.0,2200864,13,55,1563,29372
-27.811142,4.0430202,2.7663991,15.0,2246904,12,55,1576,28236
-20.70245,4.4537807,2.0932672,24.0,2786344,10,55,1543,21276
-8.882546,4.306271,0.99478555,65.0,4690048,8,55,6724,9918
-8.657687,4.2631617,0.97331494,89.0,4737528,10,55,7456,9696
-7.310914,3.6565642,0.82988757,86.0,4785888,7,55,6184,8213
-7.1995754,3.656329,0.8202161,215.0,4835688,15,55,5229,8113
-7.1345315,3.6785624,0.8155738,228.0,4882728,15,55,3666,8065
-7.0333233,3.6812308,0.80696625,214.0,4934248,14,55,3094,7976
-6.954334,3.69446,0.80077654,224.0,4980968,14,55,2890,7912
-6.8745728,3.7063875,0.7944901,230.0,5033808,14,55,2819,7847
-6.8158913,3.7289312,0.79052484,224.0,5078528,14,55,2192,7806
-6.7606754,3.7528255,0.78694636,198.0,5129488,12,55,2039,7769
-6.714099,3.7810628,0.7843351,163.0,5176048,10,55,1980,7742
-6.633716,3.7896328,0.77795196,251.0,5226488,15,55,1511,7676
-6.583634,3.8148098,0.7749538,62.0,5278208,3,55,948,7645
-6.718042,3.947841,0.7927492,11.0,5325688,1,55,798,7829
-5.806474,4.121125,0.72746706,84.0,6006720,4,55,1276,7154
-5.7891626,4.162482,0.7284342,157.0,6059080,9,55,1626,7164
-5.7594886,4.1949973,0.72795063,181.0,6108440,10,55,1139,7159
-5.7288327,4.2267146,0.7273703,147.0,6152520,8,55,824,7153
-5.6980047,4.2582145,0.7267901,124.0,6205200,7,55,951,7147
-5.6138124,4.2492776,0.7197299,213.0,6252600,11,55,1236,7074
-5.568668,4.26912,0.7174088,235.0,6304280,13,55,1508,7050
-5.5250654,4.289789,0.715281,240.0,6353200,13,55,1609,7028
-5.5025535,4.3266835,0.7157646,286.0,6398840,16,55,1763,7033
-5.446301,4.3368216,0.7120895,369.0,6445200,21,55,1619,6995
-5.4195886,4.3701577,0.7120895,387.0,6495480,22,55,1585,6995
-5.381102,4.3938932,0.71063876,246.0,6546200,13,55,1507,6980
-5.3281775,4.516638,0.71431386,347.0,6693640,19,55,1704,7018
-5.2572927,4.5123205,0.70880115,438.0,6741680,25,55,1844,6961
-5.23552,4.549713,0.7095749,532.0,6789960,31,55,1847,6969
-5.201524,4.5764956,0.70880115,577.0,6841800,35,55,1935,6961
-5.1703706,4.605679,0.7084143,581.0,6889520,35,55,1889,6957
-5.1316605,4.6279907,0.70706034,560.0,6938840,33,55,1834,6943
-5.0950775,4.6520133,0.70599645,486.0,6985720,28,55,1891,6932
-5.0700936,4.6865644,0.70648,419.0,7033720,24,55,1807,6937
-5.0485134,4.7243824,0.7074472,392.0,7082960,22,55,1702,6947
-5.030997,4.7662163,0.7089946,378.0,7132480,21,55,1552,6963
-5.0225005,4.816964,0.7117993,332.0,7184200,18,55,1493,6992
-5.011426,4.865707,0.71431386,327.0,7228440,18,55,1336,7018
-5.005624,4.9200735,0.7176022,241.0,7281712,13,55,1145,7052
-4.980282,4.9556065,0.7182792,141.0,7326592,7,55,930,7059
-5.0374823,5.0743175,0.7303685,235.0,7378872,13,55,980,7184
-5.0271697,5.126439,0.73326993,227.0,7426592,12,55,764,7214
18.937693,6.836841,1.9920074,29.0,23344376,8,55,681,20229
20.041208,6.9586663,2.0970392,31.0,23444056,12,55,1237,21315
21.151672,6.910866,2.1978154,14.0,23587336,6,55,1274,22357
22.479076,7.040703,2.3245113,11.0,23684616,6,55,1171,23667
-19.024233,4.5715437,1.6926653,22.0,684360,5,56,1690,19636
-8.735348,4.290142,0.85998315,138.0,2441664,8,56,7695,9767
-8.520753,4.249746,0.8421804,242.0,2493504,13,56,7822,9556
-7.5382185,3.8171513,0.75139445,119.0,2542064,5,56,3329,8480
-7.5102253,3.8610532,0.75097257,116.0,2590064,4,56,1198,8475
-6.7717824,3.9125857,0.6981548,9.0,2979224,1,56,852,7849
-6.7485075,3.9545672,0.69823915,64.0,3030984,2,56,1271,7850
-6.7857723,4.0325828,0.70431405,294.0,3074624,10,56,1544,7922
-6.7668734,4.0777464,0.7049047,362.0,3128224,12,56,1655,7929
-6.7357755,4.115551,0.70431405,317.0,3173024,10,56,1657,7922
-6.670595,4.1321216,0.7003485,573.0,3225424,20,56,1495,7875
-6.668736,4.1878233,0.7027109,695.0,3273024,26,56,1312,7903
-6.6277885,4.2190237,0.7011922,909.0,3320064,36,56,1173,7885
-6.6076355,4.2633963,0.7017828,463.0,3370096,16,56,1105,7892
-6.55384,4.285849,0.6989985,391.0,3420936,13,56,1396,7859
-6.461825,4.282463,0.692333,555.0,3468496,19,56,1554,7780
-6.403177,4.300349,0.68904245,452.0,3515056,15,56,1772,7741
-6.3157315,4.298042,0.6827988,326.0,3567536,10,56,1838,7667
-6.2400384,4.3027496,0.6777364,270.0,3612336,8,56,1795,7607
-6.198005,4.330106,0.6761333,248.0,3664576,7,56,1771,7588
-6.1534333,4.355381,0.67427707,226.0,3714736,6,56,1674,7566
-6.084501,4.36284,0.6698896,159.0,3763136,4,56,1506,7514
-6.08824,4.422361,0.6730958,107.0,3810616,3,56,1341,7552
-6.0890703,4.4803176,0.67604893,87.0,3860776,2,56,1294,7587
-6.1005983,4.5467925,0.68018323,76.0,3907296,2,56,1205,7636
-6.096434,4.602162,0.6827144,78.0,3954896,2,56,1145,7666
-6.08628,4.6534114,0.684655,111.0,4003616,3,56,1218,7689
-6.0796638,4.707762,0.6870175,180.0,4054296,5,56,1218,7717
-6.0632033,4.754822,0.6883674,205.0,4104176,6,56,1526,7733
-6.0066147,4.7702327,0.6854144,291.0,4151456,9,56,1421,7698
-5.9617085,4.7945013,0.6837269,447.0,4201776,15,56,1572,7678
-5.92291,4.8234363,0.6827144,557.0,4248936,18,56,1403,7666
-5.888592,4.8558817,0.6822082,473.0,4298856,15,56,905,7660
-5.72948,4.7839246,0.6679491,46.0,4345336,1,56,587,7491
20.836475,6.963255,1.8961742,13.0,21246632,4,56,1183,22048
22.052414,7.06975,1.9968318,12.0,21342992,4,56,1200,23241
23.991125,7.206737,2.157057,28.0,21487832,10,56,1157,25140
-21.46905,4.385743,1.6261543,16.0,1174672,6,57,1675,21970
-21.203604,4.4672074,1.6084965,21.0,1223232,7,57,1598,21726
-19.286154,4.5601554,1.4741818,17.0,1415872,5,57,1579,19870
-8.62078,4.261948,0.7340035,63.0,3225424,5,57,4570,9642
-8.466121,4.250307,0.7235825,156.0,3273024,10,57,6934,9498
-8.308379,4.235119,0.712872,141.0,3320064,9,57,4784,9350
-8.08029,4.181476,0.6963722,41.0,3370096,2,57,1419,9122
-7.66477,4.3312664,0.6750237,106.0,3664576,5,57,707,8827
-7.5523925,4.3290987,0.66785926,241.0,3714736,12,57,1291,8728
-7.451541,4.332235,0.66163564,221.0,3763136,10,57,1569,8642
-7.3681197,4.3444324,0.65685934,169.0,3810616,8,57,1794,8576
-7.288255,4.357818,0.65237254,181.0,3860776,8,57,1630,8514
-7.1991253,4.3646994,0.64708966,115.0,3907296,5,57,1661,8441
-7.1594644,4.400954,0.64600414,136.0,3954896,6,57,1659,8426
-7.07985,4.412087,0.64151734,290.0,4003616,13,57,1594,8364
-7.0248218,4.437862,0.6391292,306.0,4054296,14,57,1772,8331
-6.9689045,4.46259,0.6366687,305.0,4104176,14,57,1398,8297
-6.9823813,4.53188,0.64021474,58.0,4151456,2,57,1128,8346
-6.88029,4.5258436,0.633774,114.0,4201776,5,57,1237,8257
-6.693899,4.4622846,0.6199517,268.0,4248936,11,57,1575,8066
-6.9671974,4.7065434,0.64629364,130.0,4298856,5,57,1334,8430
-7.0320034,4.813443,0.6545436,228.0,4345336,10,57,1296,8544
-6.94989,4.820114,0.649912,304.0,4394696,14,57,1240,8480
-6.8932567,4.84374,0.6475239,362.0,4443496,17,57,1167,8447
-6.8057237,4.844868,0.6423858,234.0,4495096,10,57,1037,8376
23.510298,7.1566668,1.8193765,11.0,22219384,6,57,1280,24640
25.786028,7.3334737,1.9814081,21.0,22366064,11,57,1355,26879
-19.968792,4.5120206,1.2815086,12.0,2101384,5,58,1462,20510
-19.23232,4.594426,1.2390184,14.0,2200864,5,58,1433,19810
-8.427133,4.4532275,0.6161745,175.0,4201776,13,58,3517,9549
-8.445394,4.529377,0.61933094,51.0,4248936,4,58,1901,9601
-7.830233,4.3870196,0.58236456,58.0,4394696,3,58,891,8992
-7.8517675,4.4625955,0.58576375,43.0,4443496,3,58,1258,9048
-8.088872,4.6632004,0.604338,103.0,4495096,7,58,1385,9354
-8.0368395,4.6991453,0.6026991,62.0,4543776,4,58,1234,9327
19.960571,6.974423,1.3223597,20.0,22662664,8,58,1240,21183
20.604492,7.0578957,1.3610257,16.0,22711784,7,58,1207,21820
24.627733,7.270782,1.5981203,16.0,23048336,10,58,1269,25726
-7.7312665,4.2308784,0.46792075,38.0,5078528,3,59,725,8824
17.21849,6.816357,0.942594,20.0,23098176,6,59,1254,18541
19.101099,6.892106,1.030035,13.0,23344376,5,59,1261,20331
20.096645,6.974001,1.0772728,22.0,23444056,9,59,1203,21298
20.915968,6.9720917,1.1151803,8.0,23540216,4,59,1225,22074
-19.888002,4.510932,0.78143495,22.0,586680,5,60,1466,20407
19.82507,7.0453553,0.8050306,27.0,21101072,6,60,1135,21054
21.272486,7.1212463,0.85586876,17.0,21246632,5,60,1179,22448
22.891994,7.197318,0.91294324,19.0,21391792,6,60,1151,24013
23.643524,7.2743664,0.939967,33.0,21440872,11,60,1164,24754
24.730007,7.277495,0.977968,13.0,21539432,5,60,1175,25796
25.54831,7.3481445,1.0073622,20.0,21586232,8,60,1309,26602
-22.527016,4.454036,0.5987396,16.0,1127072,7,61,1662,22970
-20.5728,4.5948763,0.5527094,31.0,1316952,9,61,1430,21086
-19.04696,4.623654,0.51654977,32.0,1463592,8,61,1597,19606
-17.161366,4.727692,0.47257185,15.0,1708272,3,61,1328,17806
-17.023314,4.802225,0.46981102,21.0,1761272,5,61,1441,17693
24.755163,7.374577,0.66881114,21.0,22269864,10,61,1314,25838
-22.14047,4.434467,0.32162058,12.0,1907872,6,62,1546,22582
-20.305437,4.588064,0.29946664,23.0,2101384,10,62,1560,20819
-17.236094,4.794703,0.26268584,28.0,2493504,8,62,1568,17892
-18.898922,4.6839676,0.05176939,16.0,3030984,6,63,1455,19471
20.21632,7.0116067,0.05311469,15.0,23444056,7,63,1244,21398
22.321575,7.1334624,0.054536086,17.0,23635016,8,63,1303,23434
22.86309,7.1522965,0.054900512,20.0,23684616,10,63,1264,23956
-24.535143,4.3168855,-0.2528183,10.0,194280,5,64,1594,24914
-22.6202,4.410382,-0.23099831,25.0,344160,7,64,1549,23048
-21.88107,4.4056783,-0.22250888,14.0,392520,5,64,1496,22322
-19.69864,4.598836,-0.1980462,27.0,635120,6,64,1462,20230
18.531315,6.968918,-0.19301802,36.0,20951392,8,64,1438,19800
23.602507,7.2572494,-0.2502574,12.0,21440872,5,64,1187,24695
25.963676,7.462644,-0.27740958,18.0,21586232,7,64,1130,27017
-20.598166,4.5930047,-0.4621914,21.0,1316952,7,65,1458,21110
-19.947935,4.576638,-0.44704896,10.0,1369072,4,65,1414,20472
19.462666,6.996854,-0.45217556,22.0,21830944,6,65,1260,20688
21.465406,7.126871,-0.49812508,14.0,22025504,5,65,1251,22624
23.483707,7.3197885,-0.5451426,19.0,22171824,8,65,1174,24605
23.942236,7.301811,-0.55541956,12.0,22219384,6,65,1174,25038
-22.709242,4.544234,-0.7817318,30.0,1907872,12,66,1497,23174
-19.900583,4.621478,-0.6849922,25.0,2152704,9,66,1504,20443
19.387339,7.04605,-0.69200593,15.0,22565184,6,66,1225,20641
20.689787,7.091148,-0.7360718,25.0,22711784,10,66,1247,21885
21.124157,7.095509,-0.7507014,14.0,22755704,6,66,1171,22298
25.022556,7.39211,-0.8856622,22.0,23048336,13,66,1244,26108
-21.560684,4.503941,-1.0031116,16.0,2737104,7,67,1313,22051
-21.239681,4.5731273,-0.98892736,19.0,2786344,8,67,1297,21751
-18.879602,4.675691,-0.88117445,24.0,3030984,8,67,1312,19472
-18.618202,4.732435,-0.8698271,27.0,3074624,8,67,1324,19232
20.239704,7.023675,-0.9746013,15.0,23444056,7,67,1296,21448
26.524141,7.4180098,-1.2641962,18.0,23927296,13,67,1489,27573
-23.101791,4.500184,-1.3626257,18.0,344160,6,68,1448,23578
-22.225306,4.4710197,-1.311056,18.0,392520,5,68,1263,22711
-21.867105,4.5386815,-1.2909516,22.0,443280,7,68,1396,22373
-18.323242,4.7511306,-1.0881227,19.0,829312,4,68,1294,18963
24.726439,7.4415965,-1.4988363,20.0,21487832,8,68,1262,25868
-24.701078,4.4043193,-1.7583845,21.0,977672,10,69,1536,25155
-22.163677,4.5156126,-1.5812138,17.0,1174672,7,69,1404,22677
-20.048376,4.599689,-1.4342866,14.0,1369072,5,69,1418,20622
-19.693594,4.6456494,-1.4102634,19.0,1415872,5,69,1344,20286
20.734722,7.1679854,-1.5324526,20.0,21930664,7,69,1391,21995
24.043264,7.332617,-1.7616733,16.0,22219384,8,69,1268,25201
-23.177832,4.48605,-1.9419478,12.0,1855432,6,70,1383,23691
-21.556185,4.5854554,-1.8101552,19.0,2001512,9,70,1438,22116
-21.083769,4.620391,-1.771998,14.0,2054304,6,70,1441,21660
18.902805,7.0052705,-1.6523387,21.0,22516584,7,70,1332,20230
22.643955,7.3024716,-1.9574282,12.0,22856064,6,70,1197,23876
23.76009,7.3418245,-2.0478003,13.0,22955816,8,70,1307,24956
28.324123,7.6223583,-2.4225934,24.0,23248016,18,70,1524,29435
-21.019115,4.6531167,-2.0245569,18.0,2833424,8,71,1667,21627
-20.867872,4.754162,-2.0125241,24.0,2880784,10,71,1678,21501
-19.54496,4.7060385,-1.8878989,21.0,2979224,8,71,1764,20196
17.904354,6.9684443,-1.8024279,21.0,23148936,7,71,1416,19301
19.98518,7.0808372,-1.993329,17.0,23391896,8,71,1394,21300
20.149542,7.0002403,-2.0056484,24.0,23444056,10,71,1465,21429
23.2717,7.293561,-2.2989235,19.0,23684616,10,71,1468,24500
-24.137669,4.4171453,-2.6246245,21.0,244200,8,72,1537,24683
-23.607077,4.469837,-2.569005,18.0,292880,7,72,1412,24168
19.842272,7.1693277,-2.2508388,25.0,21049592,6,72,1216,21222
20.211065,7.162616,-2.2883146,18.0,21101072,5,72,1177,21569
22.320784,7.298447,-2.5100372,17.0,21295432,5,72,1204,23622
23.31751,7.308698,-2.6135006,20.0,21391792,7,72,1355,24580
24.251581,7.4382067,-2.7145882,26.0,21440872,10,72,1500,25516
-24.766302,4.420408,-2.9940429,24.0,977672,11,73,1474,25340
-24.01726,4.438908,-2.9055178,12.0,1024232,7,73,1481,24601
-21.590786,4.5409427,-2.6206565,14.0,1223232,5,73,1453,22223
-20.137285,4.623788,-2.4515126,22.0,1369072,7,73,1358,20811
-18.014818,4.8407764,-2.2092967,22.0,1659032,5,73,1284,18789
-22.35781,4.6045957,-2.98777,20.0,1957272,9,74,1381,23027
-20.126959,4.662943,-2.7001703,24.0,2152704,10,74,1391,20841
19.991655,7.1389427,-2.7755568,21.0,22610544,8,74,1502,21414
20.893442,7.173174,-2.8900177,27.0,22711784,12,74,1640,22284
-22.81859,4.595708,-3.3246014,19.0,2689264,10,75,1581,23519
-19.225271,4.739894,-2.8218687,24.0,3030984,8,75,1437,20007
26.981672,7.043324,-3.9912379,24.0,24073776,18,75,2091,28176
26.726103,6.801679,-3.946719,12.0,24124016,12,75,2406,27865
-22.565351,4.5640507,-3.5833588,21.0,392520,6,76,1534,23306
-22.134665,4.618419,-3.5186408,21.0,443280,7,76,1708,22890
-21.323687,4.58578,-3.392627,19.0,489800,6,76,1483,22080
-28.747383,4.225792,-4.897793,30.0,731040,19,77,1938,29473
-23.967089,4.5818925,-4.106248,17.0,1074872,9,77,1498,24751
-22.514214,4.5911393,-3.8641915,25.0,1174672,9,77,1546,23307
-22.229965,4.675413,-3.8197699,28.0,1223232,10,77,1445,23042
-20.51249,4.7099643,-3.5358062,17.0,1369072,6,77,1333,21348
-19.906567,4.6995664,-3.435061,23.0,1415872,7,77,1365,20747
23.662472,6.4257216,-4.1263638,27.0,22463664,12,77,1361,24871
-28.62636,4.2540417,-5.242373,24.0,1514672,20,78,2040,29419
-26.366995,4.415882,-4.8393936,35.0,1659032,22,78,2111,27176
-25.7792,4.4802537,-4.73555,31.0,1708272,19,78,1993,26598
-21.39002,4.6718564,-3.955463,18.0,2054304,8,78,1546,22256
-19.565966,4.779512,-3.6353076,32.0,2246904,11,78,1448,20474
20.657598,7.2422724,-3.9547443,35.0,22662664,16,78,2486,22252
22.339634,6.6205583,-4.2121983,22.0,23048336,12,78,2380,23685
-28.674292,3.7537282,-5.5830975,18.0,2152704,18,79,2412,29461
-26.260378,4.4266105,-5.1379223,22.0,2441664,16,79,2205,27130
-25.130976,4.554236,-4.925743,20.0,2542064,15,79,2253,26019
-19.71612,4.7108746,-3.9005609,37.0,2979224,13,79,1820,20651
-19.551468,4.798564,-3.8734417,17.0,3030984,7,79,1752,20509
-27.600445,4.3887963,-5.7590837,29.0,50880,12,80,1110,28543
20.496155,6.12243,-4.397787,22.0,21487832,7,80,2322,21847
27.895184,7.9596186,-5.979461,34.0,21586232,21,80,3561,29627
19.825895,7.2533274,-4.612851,49.0,21780904,15,81,1773,21618
27.362194,7.963437,-6.242266,46.0,22318264,32,81,3959,29182
-22.690935,4.6566916,-5.35441,33.0,1957272,15,82,1992,23784
-21.911757,4.7777743,-5.182578,55.0,2054304,22,82,2109,23027
0.97937393,5.6408515,-1.2899046,94.0,14217272,2,82,833,5878
1.0144839,5.6376114,-1.2905856,73.0,14266512,2,82,922,5881
1.0437124,5.6025567,-1.2837758,357.0,14311432,12,82,4150,5851
1.1478348,5.5881205,-1.2851378,155.0,14456872,4,82,1527,5857
1.1794807,5.568586,-1.2821869,159.0,14510232,5,82,1515,5844
1.2136266,5.5612435,-1.2821869,246.0,14557272,7,82,2079,5844
1.2487932,5.5584435,-1.2833219,199.0,14608632,6,82,2004,5849
1.2778368,5.528851,-1.2781011,207.0,14657512,6,82,2117,5826
1.3173597,5.5445957,-1.2837758,338.0,14703392,11,82,2988,5851
1.3564316,5.557224,-1.2887697,328.0,14749992,10,82,2984,5873
1.3774962,5.4968357,-1.2762852,97.0,14799912,3,82,1096,5818
1.4065944,5.470358,-1.2719723,105.0,14850592,3,82,797,5799
1.436164,5.446556,-1.2683405,67.0,14897792,2,82,742,5783
1.4677794,5.43106,-1.2667515,93.0,14949352,2,82,983,5776
1.5096438,5.4529266,-1.2742423,172.0,14998432,5,82,2232,5809
1.5175972,5.3536053,-1.2524511,375.0,15046072,12,82,3797,5713
1.5496043,5.3413863,-1.2517701,382.0,15094104,12,82,4110,5710
1.588994,5.3541865,-1.2572179,437.0,15145424,14,82,4066,5734
1.6302943,5.372296,-1.2640276,403.0,15193464,13,82,3805,5764
1.6649572,5.367773,-1.2653896,398.0,15242224,13,82,4005,5770
1.7060939,5.383453,-1.2717453,319.0,15288984,10,82,3623,5798
1.7396934,5.3747363,-1.2721993,312.0,15336704,10,82,3287,5800
1.7808845,5.38893,-1.2783281,285.0,15385864,9,82,3107,5827
1.8260474,5.4138937,-1.2871808,242.0,15435224,7,82,2762,5866
1.8658828,5.421928,-1.2919475,219.0,15487104,7,82,2470,5887
1.9158778,5.458165,-1.3037511,135.0,15530464,4,82,2019,5939
27.66512,8.025272,-6.6693707,33.0,23098176,33,82,4391,29577
-25.737907,4.6270585,-6.368732,30.0,2542064,23,83,3442,26925
-20.484943,4.8642297,-5.1189256,44.0,2979224,17,83,2241,21678
-1.8457581,5.4827075,-1.3740323,155.0,11042696,7,83,1746,5956
-0.1346338,5.5969663,-1.3282989,459.0,13434560,23,83,3442,5764
-0.10023466,5.594774,-1.3275844,473.0,13480840,24,83,3658,5761
-0.0658675,5.59237,-1.3268697,491.0,13531000,25,83,3716,5758
-0.031564463,5.594611,-1.3273462,446.0,13583200,22,83,3537,5760
0.002764445,5.592757,-1.3268697,319.0,13630520,15,83,2893,5758
0.037121136,5.5994334,-1.3285371,476.0,13679280,24,83,3935,5765
0.0712672,5.5816193,-1.3242496,461.0,13725520,22,83,4044,5747
0.10546104,5.578164,-1.3235351,417.0,13773120,20,83,4258,5744
0.13980414,5.5822663,-1.324726,443.0,13826112,21,83,4199,5749
0.17355078,5.5648007,-1.3206767,383.0,13872512,18,83,4135,5732
0.2073016,5.5529547,-1.3180566,347.0,13920232,16,83,4161,5721
0.24103805,5.5438156,-1.316151,310.0,13970392,14,83,3730,5713
0.2745753,5.5325317,-1.3137691,261.0,14018952,12,83,3481,5703
0.307289,5.5084386,-1.3082906,214.0,14067032,9,83,2794,5680
0.3396581,5.4831834,-1.3025739,211.0,14115032,9,83,2691,5656
0.3731,5.4780893,-1.3018594,217.0,14164312,9,83,2583,5653
0.40741828,5.485383,-1.3042413,193.0,14217272,8,83,2586,5663
0.44091395,5.4808435,-1.3037649,263.0,14266512,12,83,2721,5661
0.47478482,5.480938,-1.3044795,275.0,14311432,12,83,2680,5664
0.5092968,5.4875927,-1.3068614,272.0,14363272,12,83,2745,5674
0.5438133,5.4930634,-1.3090051,239.0,14412872,11,83,2794,5683
0.5754896,5.470304,-1.3042413,297.0,14456872,13,83,2562,5663
0.6074413,5.45219,-1.3006684,271.0,14510232,12,83,2810,5648
0.6408839,5.4483604,-1.3006684,219.0,14557272,9,83,2211,5648
0.6734716,5.4375777,-1.299001,184.0,14608632,8,83,2209,5641
0.7034594,5.4073367,-1.2925698,238.0,14657512,11,83,3065,5614
0.73675543,5.403881,-1.2928079,274.0,14703392,12,83,3316,5615
0.76921713,5.3944507,-1.291617,309.0,14749992,14,83,3542,5610
0.8013063,5.382904,-1.2899497,366.0,14799912,17,83,3733,5603
0.8298744,5.3490906,-1.2828038,364.0,14850592,17,83,3728,5573
0.8592905,5.322802,-1.2775636,351.0,14897792,16,83,3532,5551
0.89017487,5.3068914,-1.2749434,256.0,14949352,11,83,3011,5540
0.91923815,5.281234,-1.2699413,180.0,14998432,8,83,2958,5519
0.95025223,5.2678466,-1.2680358,214.0,15046072,9,83,3010,5511
0.9873515,5.287698,-1.274467,283.0,15094104,12,83,3176,5538
1.0192274,5.2786784,-1.2737525,293.0,15145424,13,83,3446,5535
1.0506512,5.2675624,-1.2725614,238.0,15193464,10,83,3249,5530
1.0800259,5.246745,-1.2689885,214.0,15242224,9,83,3245,5515
1.1126009,5.24192,-1.269465,246.0,15288984,11,83,3451,5517
1.1468115,5.244484,-1.2718469,290.0,15336704,13,83,3480,5527
1.1789694,5.2373486,-1.2718469,310.0,15385864,14,83,3699,5527
1.2093358,5.2224455,-1.2699413,339.0,15435224,15,83,4115,5519
1.2397879,5.2083116,-1.268274,365.0,15487104,17,83,4763,5512
1.2712622,5.1987195,-1.2677976,428.0,15530464,20,83,4949,5510
1.3026655,5.1889367,-1.2673211,422.0,15584264,20,83,5353,5508
1.334238,5.1799054,-1.2670829,461.0,15628864,22,83,5683,5507
1.3689642,5.1828914,-1.2699413,498.0,15681424,24,83,6039,5519
1.4035239,5.1847086,-1.2725614,541.0,15729304,26,83,6063,5530
1.4399693,5.1928487,-1.2768489,514.0,15776504,24,83,5984,5548
1.4768318,5.2016706,-1.2813747,526.0,15826264,26,83,6034,5567
1.5116941,5.2027726,-1.2839948,528.0,15875864,26,83,5962,5578
1.5493857,5.2129536,-1.2889968,489.0,15923984,24,83,5772,5599
1.5883857,5.226585,-1.2949517,493.0,15970384,24,83,5870,5624
1.6235873,5.2269454,-1.2975719,510.0,16023104,25,83,5786,5635
1.6582665,5.2252183,-1.2997156,498.0,16067624,25,83,5675,5644
1.6929858,5.223262,-1.3018594,481.0,16120224,24,83,5470,5653
1.7286566,5.2238426,-1.3047177,499.0,16170544,25,83,5613,5665
1.76936,5.2389083,-1.3113872,462.0,16218784,23,83,5553,5693
1.8065239,5.242648,-1.3151983,472.0,16266064,23,83,5623,5709
1.8438002,5.246129,-1.3190094,475.0,16315944,23,83,5516,5725
1.8788981,5.2429476,-1.3211532,428.0,16362864,21,83,5639,5734
1.9309888,5.28607,-1.3354448,311.0,16409936,15,83,3719,5794
-1.9703544,5.38244,-1.438261,415.0,8499792,9,84,3342,5920
-1.9023471,5.2969136,-1.4114523,351.0,8548832,8,84,3421,5813
-1.8560077,5.2692127,-1.4006786,431.0,8598224,10,84,3615,5770
-1.8129188,5.2493815,-1.39216,489.0,8649704,11,84,3774,5736
-1.7698338,5.2283044,-1.3833908,497.0,8698184,11,84,3743,5701
-1.7352872,5.2317123,-1.3813864,471.0,8748264,10,84,3307,5693
-1.7046458,5.246866,-1.3826392,435.0,8794824,9,84,1928,5698
-1.6430018,5.276635,-1.3851447,113.0,8891424,2,84,797,5708
-1.6091866,5.2819858,-1.3838919,135.0,8940304,2,84,681,5703
-1.5728858,5.278768,-1.3803842,121.0,8989784,2,84,765,5689
-1.5385756,5.281812,-1.3786304,118.0,9036264,2,84,934,5682
-1.5111612,5.3088484,-1.3833908,432.0,9087424,9,84,1209,5701
-1.4824381,5.332014,-1.3871491,529.0,9134864,11,84,1194,5716
-1.4557637,5.3634377,-1.3931623,184.0,9188104,3,84,845,5740
-1.4154114,5.344188,-1.3856457,368.0,9232544,7,84,1284,5710
-1.3845248,5.360273,-1.3876501,1000.0,9283864,26,84,1883,5718
-1.3365252,5.3085723,-1.371615,134.0,9330304,2,84,772,5654
-1.320941,5.3862634,-1.3901557,197.0,9380664,4,84,809,5728
-1.2656767,5.301029,-1.3653513,138.0,9432184,2,84,899,5629
-1.23531,5.3181267,-1.3678567,118.0,9479664,2,84,717,5639
-1.2028679,5.326551,-1.3681073,133.0,9527624,2,84,728,5640
-1.1680944,5.3243737,-1.3656018,156.0,9574944,3,84,821,5630
-1.1307806,5.3096595,-1.3598392,138.0,9622744,2,84,894,5607
-1.088813,5.2709827,-1.3478129,146.0,9674744,2,84,1275,5559
-1.0545571,5.26807,-1.3453074,238.0,9720864,4,84,1894,5549
-1.0194604,5.2601833,-1.3415492,270.0,9769144,5,84,2066,5534
-0.99000794,5.281566,-1.3455579,324.0,9819384,6,84,2084,5550
-0.96101856,5.306596,-1.3505689,282.0,9868096,6,84,2037,5570
-0.92877173,5.3143005,-1.35107,261.0,9916256,5,84,1925,5572
-0.89502555,5.3132157,-1.3493161,211.0,9964056,4,84,1828,5565
-0.8627159,5.320519,-1.3498173,220.0,10013016,4,84,1702,5567
-0.83049875,5.3285823,-1.3505689,187.0,10066416,3,84,1693,5570
-0.7955074,5.318257,-1.3465601,188.0,10115016,3,84,1653,5554
-0.76094735,5.3096204,-1.3430524,181.0,10160296,3,84,1709,5540
-0.7273078,5.306515,-1.341048,195.0,10212976,3,84,1743,5532
-0.69385993,5.304158,-1.3392942,229.0,10261936,4,84,2067,5525
-0.66201496,5.31408,-1.3407975,256.0,10306176,5,84,2084,5531
-0.6290567,5.315158,-1.3400458,251.0,10359496,5,84,2018,5528
-0.59514564,5.3073716,-1.3370392,255.0,10406656,5,84,1977,5516
-0.5601387,5.2878165,-1.3310261,234.0,10457896,4,84,2092,5492
-0.5286363,5.300788,-1.3335316,263.0,10507056,5,84,2139,5502
-0.4943125,5.2846527,-1.3285205,276.0,10552296,5,84,2135,5482
-0.46171013,5.285657,-1.3280195,258.0,10598976,5,84,2222,5480
-0.4297349,5.2941804,-1.3295227,302.0,10648776,6,84,2169,5486
-0.39702728,5.2938213,-1.3287711,281.0,10699656,5,84,2170,5483
-0.36434025,5.29326,-1.3280195,276.0,10746856,5,84,2099,5480
-0.33167508,5.292497,-1.3272679,254.0,10798896,5,84,2132,5477
-0.29908687,5.2924995,-1.3267667,248.0,10847056,5,84,2106,5475
-0.2669908,5.3019705,-1.3287711,257.0,10895616,5,84,2247,5483
-0.23436944,5.3015747,-1.3282701,267.0,10942616,5,84,2085,5481
-0.2014742,5.2932386,-1.3257645,243.0,10994816,4,84,2209,5471
-0.16826786,5.271152,-1.3197514,273.0,11042696,5,84,2350,5447
-0.1354855,5.2546644,-1.3152415,293.0,11091776,6,84,2409,5429
-0.10324093,5.255397,-1.3152415,299.0,11138176,6,84,2376,5429
-0.07099248,5.2559314,-1.3152415,302.0,11186248,6,84,2266,5429
-0.038696516,5.2494917,-1.3134876,255.0,11235528,5,84,2411,5422
-0.006484582,5.247694,-1.3129865,300.0,11284728,6,84,2359,5420
0.02564908,5.236018,-1.3099799,211.0,11336928,4,84,2002,5408
0.057833277,5.2406025,-1.3112327,167.0,11380488,3,84,1944,5413
0.08990114,5.235309,-1.3099799,256.0,11434448,5,84,2179,5408
0.12246529,5.2530475,-1.3147404,152.0,11478968,3,84,1628,5427
0.15443198,5.2434883,-1.3124855,210.0,11530888,4,84,1664,5418
0.18589914,5.2230926,-1.3074745,219.0,11579008,4,84,1904,5398
0.21823166,5.2286243,-1.3092283,238.0,11625768,4,84,1962,5405
0.25073314,5.2358894,-1.3114833,294.0,11675568,6,84,2107,5414
0.2823785,5.2255526,-1.3092283,257.0,11726088,5,84,2223,5405
0.31390646,5.2150245,-1.3069733,253.0,11773528,5,84,2362,5396
0.34628832,5.2187963,-1.3084767,272.0,11820568,5,84,2267,5402
0.37724242,5.2020903,-1.3047185,273.0,11873008,5,84,2243,5387
0.40930808,5.2016077,-1.3052195,290.0,11917888,6,84,2233,5389
0.44105166,5.197069,-1.3047185,279.0,11970528,5,84,2373,5387
0.4726664,5.191373,-1.3039668,291.0,12020208,6,84,2363,5384
0.5048889,5.192229,-1.304969,263.0,12068168,5,84,2189,5388
0.53673834,5.1890335,-1.304969,286.0,12115608,5,84,2225,5388
0.5647427,5.151001,-1.2959492,260.0,12165448,5,84,2076,5352
0.59645015,5.1484003,-1.2961998,245.0,12212528,4,84,2034,5353
0.6296816,5.1580963,-1.2997074,209.0,12260088,4,84,1984,5367
0.66020375,5.145494,-1.2974526,203.0,12309128,3,84,1969,5358
0.6895564,5.125037,-1.2931932,183.0,12360048,3,84,2077,5341
0.72085434,5.119751,-1.2929426,282.0,12409688,5,84,2315,5340
0.75395405,5.1267242,-1.2959492,291.0,12457168,5,84,2628,5352
0.7874614,5.1353965,-1.299457,303.0,12507680,6,84,2725,5366
0.81849676,5.1276007,-1.2987052,353.0,12554920,7,84,3024,5363
0.8486701,5.1148424,-1.2967008,379.0,12605160,7,84,3245,5355
0.8795431,5.106677,-1.2959492,403.0,12651160,8,84,3303,5352
0.9110314,5.102137,-1.2961998,425.0,12700560,8,84,3500,5353
0.94249713,5.0974026,-1.2964504,451.0,12748880,9,84,3553,5354
0.9735739,5.090573,-1.2961998,408.0,12800320,8,84,3830,5353
1.0087473,5.104445,-1.3014613,500.0,12849440,11,84,3816,5374
1.038689,5.0915203,-1.2997074,465.0,12900000,9,84,4088,5367
1.0693103,5.0822096,-1.2989558,478.0,12946640,10,84,4406,5364
1.1021209,5.0831203,-1.3009602,552.0,12995560,12,84,4333,5372
1.133078,5.0753174,-1.3007096,485.0,13043000,10,84,3576,5371
1.165068,5.072043,-1.3017118,289.0,13091720,6,84,3292,5375
1.1968372,5.067625,-1.3024635,525.0,13140480,11,84,4570,5378
1.2272221,5.057364,-1.3017118,563.0,13187720,12,84,5031,5375
1.2603433,5.058192,-1.3039668,588.0,13239200,13,84,4852,5384
1.2956858,5.0672426,-1.3084767,547.0,13286080,12,84,4800,5402
1.32897,5.067623,-1.3107316,527.0,13339360,11,84,4706,5411
1.3623075,5.0677857,-1.3129865,528.0,13383560,11,84,4344,5420
1.392604,5.056532,-1.3122349,474.0,13434560,10,84,4131,5417
1.4275563,5.0618653,-1.3159932,478.0,13480840,10,84,3905,5432
1.4612803,5.06231,-1.3184986,480.0,13531000,10,84,3803,5442
1.4945136,5.0606747,-1.320503,457.0,13583200,9,84,3722,5450
1.5269401,5.0560417,-1.3217558,437.0,13630520,9,84,3468,5455
1.5573622,5.044728,-1.3212546,417.0,13679280,9,84,3543,5453
1.5941254,5.053538,-1.3262657,498.0,13725520,10,84,3372,5473
1.6256984,5.045504,-1.3267667,425.0,13773120,9,84,3308,5475
1.6617814,5.0510635,-1.3310261,469.0,13826112,10,84,3224,5492
1.6955228,5.0490294,-1.333281,452.0,13872512,9,84,3166,5501
1.7286726,5.04494,-1.3350348,399.0,13920232,8,84,3215,5508
1.7640767,5.047029,-1.3385426,393.0,13970392,8,84,3180,5522
1.8018513,5.055255,-1.3438041,398.0,14018952,8,84,3268,5543
1.8397931,5.0632067,-1.3490657,329.0,14067032,7,84,1971,5564
1.8704888,5.0509152,-1.3488151,19.0,14115032,1,84,911,5563
1.8997333,5.0348153,-1.3475623,40.0,14164312,1,84,1020,5558
-1.9865022,5.140133,-1.45371,434.0,9134864,10,85,4858,5710
-1.9463731,5.1296687,-1.4471468,824.0,9188104,22,85,5964,5685
-1.9111594,5.1315675,-1.4442589,786.0,9232544,21,85,5974,5674
-1.8687137,5.113287,-1.4355956,842.0,9283864,23,85,5992,5641
-1.8333988,5.113756,-1.4324453,867.0,9330304,24,85,6174,5629
-1.7946304,5.103971,-1.4264072,886.0,9380664,24,85,5896,5606
-1.7551085,5.0911665,-1.4195815,849.0,9432184,23,85,5949,5580
-1.7170463,5.0817266,-1.413806,755.0,9479664,19,85,6040,5558
-1.6779541,5.068348,-1.4069803,735.0,9527624,18,85,6225,5532
-1.6414702,5.062025,-1.4022548,803.0,9574944,21,85,6462,5514
-1.6045438,5.0536065,-1.3970042,843.0,9622744,22,85,6625,5494
-1.5669245,5.0421615,-1.3909662,904.0,9674744,24,85,6586,5471
-1.5292256,5.029523,-1.3846656,832.0,9720864,22,85,6413,5447
-1.4936647,5.023087,-1.3802027,831.0,9769144,21,85,5909,5430
-1.4620082,5.0293775,-1.379415,815.0,9819384,21,85,5731,5427
-1.4287502,5.029899,-1.3770523,775.0,9868096,20,85,5541,5418
-1.3952832,5.029272,-1.3744271,775.0,9916256,20,85,5387,5408
-1.3651539,5.040533,-1.3752146,790.0,9964056,20,85,5117,5411
-1.3327223,5.0432167,-1.3736395,775.0,10013016,19,85,5168,5405
-1.2986253,5.039151,-1.3702266,801.0,10066416,20,85,4973,5392
-1.2679161,5.0479608,-1.3704891,741.0,10115016,18,85,5012,5393
-1.2373766,5.05752,-1.3710142,758.0,10160296,19,85,4921,5395
-1.2060976,5.064079,-1.3707517,755.0,10212976,19,85,4622,5394
-1.1747848,5.0704436,-1.3704891,707.0,10261936,17,85,4454,5393
-1.1425921,5.0728498,-1.3691765,652.0,10306176,16,85,4355,5388
-1.1091781,5.0693955,-1.3662888,642.0,10359496,15,85,4194,5377
-1.0784525,5.077994,-1.3668138,572.0,10406656,13,85,3812,5379
-1.0482463,5.089241,-1.3681264,510.0,10457896,12,85,3709,5384
-1.016245,5.0917916,-1.3670763,534.0,10507056,12,85,3669,5380
-0.9837036,5.0912995,-1.3652387,500.0,10552296,11,85,3235,5373
-0.95032156,5.085857,-1.3620883,464.0,10598976,10,85,3520,5361
-0.9165299,5.0773478,-1.3581505,507.0,10648776,11,85,3465,5346
-0.8842012,5.0762215,-1.3563128,457.0,10699656,10,85,3539,5339
-0.8078983,4.812234,-1.2820178,494.0,10746856,10,85,6034,5056
-0.76191413,4.7151713,-1.2539276,1004.0,10798896,24,85,8798,4949
-0.73193336,4.713083,-1.25209,1154.0,10847056,29,85,8538,4942
-0.7215972,4.842515,-1.2864808,669.0,10895616,14,85,2757,5073
-0.7261677,5.0875816,-1.3526374,535.0,10942616,11,85,1500,5325
-0.6938953,5.0842924,-1.3505372,498.0,10994816,10,85,1164,5317
-0.6621881,5.084627,-1.3494871,538.0,11042696,11,85,1120,5313
-0.63168794,5.0943403,-1.3510622,479.0,11091776,10,85,2758,5319
-0.5999673,5.094287,-1.3500122,449.0,11138176,9,85,3452,5315
-0.567524,5.087323,-1.3471243,479.0,11186248,10,85,3345,5304
-0.5353905,5.082073,-1.3447616,504.0,11235528,11,85,3383,5295
-0.50362766,5.079501,-1.3431865,450.0,11284728,10,85,3545,5289
-0.47191656,5.0767307,-1.3416113,490.0,11336928,11,85,3586,5283
-0.44025844,5.073763,-1.3400362,482.0,11380488,10,85,3635,5277
-0.40880907,5.072521,-1.338986,446.0,11434448,9,85,3688,5273
-0.3780338,5.079746,-1.3402987,433.0,11478968,9,85,3646,5278
-0.34725067,5.0877457,-1.3418738,441.0,11530888,9,85,3463,5284
-0.31525218,5.0772605,-1.3384609,393.0,11579008,8,85,3251,5271
-0.28280547,5.055977,-1.3321604,432.0,11625768,9,85,3475,5247
-0.25177726,5.057617,-1.3321604,491.0,11675568,11,85,3553,5247
-0.22065593,5.057139,-1.3316354,453.0,11726088,10,85,3630,5245
-0.1893705,5.0516477,-1.3297976,450.0,11773528,10,85,3735,5238
-0.1581008,5.0440345,-1.3274349,502.0,11820568,11,85,4170,5229
-0.12722039,5.0478034,-1.3282225,559.0,11873008,12,85,4155,5232
-0.09620898,5.0465593,-1.3276974,581.0,11917888,13,85,4218,5230
-0.06515652,5.040301,-1.3258598,628.0,11970528,14,85,3935,5223
-0.034285285,5.0492897,-1.3282225,561.0,12020208,12,85,3749,5232
-0.0033039171,5.0523,-1.32901,526.0,12068168,11,85,3851,5235
0.027602265,5.035822,-1.324547,495.0,12115608,11,85,2926,5218
0.058604125,5.0442414,-1.3269098,318.0,12165448,6,85,2918,5227
0.08943223,5.037033,-1.3250722,462.0,12212528,10,85,3727,5220
0.1202906,5.0344605,-1.324547,528.0,12260088,12,85,3832,5218
0.15100388,5.0278406,-1.3229719,507.0,12309128,11,85,3681,5212
0.1816756,5.021998,-1.3216593,538.0,12360048,12,85,3821,5207
0.21228132,5.0159683,-1.3203467,511.0,12409688,11,85,3809,5202
0.24305472,5.0145717,-1.3203467,529.0,12457168,12,85,3974,5202
0.27339593,5.005278,-1.3182465,533.0,12507680,12,85,4012,5194
0.30439654,5.008322,-1.3195591,556.0,12554920,12,85,4109,5199
0.3356389,5.014062,-1.3216593,541.0,12605160,12,85,4204,5207
0.3666101,5.0147953,-1.322447,526.0,12651160,12,85,4284,5210
0.3972969,5.0114894,-1.3221843,512.0,12700560,11,85,4139,5209
0.42787454,5.0070343,-1.3216593,548.0,12748880,12,85,4145,5207
0.4578826,4.996628,-1.3195591,536.0,12800320,12,85,4262,5199
0.4881559,4.989883,-1.318509,559.0,12849440,12,85,4227,5195
0.5198651,4.9973507,-1.3213968,584.0,12900000,13,85,4256,5206
0.55136627,5.0017395,-1.3234969,581.0,12946640,13,85,4387,5214
0.5827172,5.0040126,-1.3250722,574.0,12995560,13,85,4534,5220
0.6131748,4.9984274,-1.324547,611.0,13043000,14,85,4513,5218
0.64259684,4.9850016,-1.3219218,583.0,13091720,13,85,4492,5208
0.67304265,4.9800086,-1.3216593,599.0,13140480,14,85,4714,5207
0.7033161,4.973874,-1.3211342,562.0,13187720,13,85,4605,5205
0.7349516,4.9771013,-1.3232344,655.0,13239200,15,85,4440,5213
0.76621205,4.9772663,-1.324547,615.0,13286080,14,85,4747,5218
0.7961259,4.9686604,-1.3234969,586.0,13339360,13,85,4708,5214
0.82612175,4.9608264,-1.3227094,590.0,13383560,13,85,4589,5211
0.85654527,4.955664,-1.3227094,553.0,13434560,12,85,4341,5211
0.88795906,4.9560137,-1.3242846,701.0,13480840,17,85,5937,5217
0.92081934,4.9637537,-1.3279599,848.0,13531000,21,85,6561,5231
0.9565389,4.9854903,-1.3355732,649.0,13583200,15,85,5170,5260
0.98654765,4.976688,-1.3347856,615.0,13630520,14,85,4921,5257
1.014935,4.960143,-1.3318979,585.0,13679280,13,85,4847,5246
1.0423586,4.9396605,-1.3279599,619.0,13725520,14,85,5670,5231
1.0722376,4.9312863,-1.3274349,695.0,13773120,16,85,5565,5229
1.1037415,4.9302635,-1.32901,675.0,13826112,16,85,5692,5235
1.1346228,4.9262195,-1.3297976,699.0,13872512,16,85,5517,5238
1.1681669,4.933248,-1.3337355,411.0,13920232,9,85,3035,5253
1.1977297,4.923175,-1.332948,675.0,13970392,16,85,5486,5250
1.2288516,4.9194775,-1.3339981,700.0,14018952,16,85,5610,5254
1.2606926,4.9183874,-1.3358357,709.0,14067032,17,85,5774,5261
1.2923208,4.916158,-1.3374109,755.0,14115032,18,85,5909,5267
1.3234667,4.911863,-1.3384609,750.0,14164312,18,85,5989,5271
1.3538374,4.9045796,-1.3387235,737.0,14217272,18,85,5936,5272
1.3867954,4.9063935,-1.3416113,761.0,14266512,18,85,6081,5283
1.4184847,4.903353,-1.3431865,841.0,14311432,21,85,6147,5289
1.4496408,4.8982577,-1.3442365,851.0,14363272,21,85,5390,5293
1.4827456,4.8994293,-1.3471243,779.0,14412872,19,85,5435,5304
1.5179174,4.906831,-1.3518498,812.0,14456872,20,85,5857,5322
1.5514891,4.9084644,-1.3550001,780.0,14510232,19,85,6133,5334
1.5839512,4.9061975,-1.3571004,774.0,14557272,19,85,6040,5342
1.6188624,4.9110475,-1.3613007,787.0,14608632,19,85,5902,5358
1.6520449,4.9101667,-1.363926,862.0,14657512,21,85,5616,5368
1.6808878,4.8962874,-1.3628759,781.0,14703392,19,85,4877,5364
1.7227073,4.9195743,-1.3725893,440.0,14749992,10,85,2004,5401
1.7635764,4.9388967,-1.3812528,94.0,14799912,2,85,974,5434
1.7892237,4.91529,-1.3775773,81.0,14850592,1,85,841,5420
1.8227081,4.9132648,-1.3802027,75.0,14897792,1,85,867,5430
1.8596488,4.9200387,-1.3854531,63.0,14949352,1,85,781,5450
1.8957002,4.9238424,-1.3899161,60.0,14998432,1,85,724,5467
1.9364496,4.9390655,-1.3977919,46.0,15046072,1,85,901,5497
22.14419,7.629225,-6.326718,47.0,21930664,25,85,4040,24272
-2.0543382,5.1309137,-1.529506,428.0,9819384,14,86,6624,5746
-2.0027418,5.092414,-1.5138807,930.0,9868096,36,86,9327,5689
-1.9634837,5.083975,-1.5075758,899.0,9916256,34,86,8185,5666
-1.9196281,5.062659,-1.4974331,541.0,9964056,18,86,4526,5629
-1.8700668,5.0247755,-1.4823561,84.0,10013016,2,86,2227,5574
-1.8259951,5.0000253,-1.471391,62.0,10066416,2,86,2118,5534
-1.7920353,5.002083,-1.4686497,260.0,10115016,7,86,3261,5524
-1.753972,4.992118,-1.4623448,668.0,10160296,22,86,5897,5501
-1.720487,4.994603,-1.4598776,792.0,10212976,27,86,6710,5492
-1.6851903,4.9914,-1.4557657,839.0,10261936,29,86,6675,5477
-1.6457664,4.97517,-1.447816,838.0,10306176,29,86,6907,5448
-1.6113517,4.9732823,-1.4442524,869.0,10359496,31,86,7103,5435
-1.5735301,4.9601607,-1.4373993,860.0,10406656,30,86,7271,5410
-1.5399259,4.9596205,-1.4343839,943.0,10457896,34,86,7427,5399
-1.5063878,4.9588547,-1.4313685,884.0,10507056,31,86,7097,5388
-1.4731914,4.9587865,-1.4286271,875.0,10552296,31,86,7110,5378
-1.4405894,4.960345,-1.4264342,862.0,10598976,30,86,7121,5370
-1.4061844,4.955214,-1.4223223,854.0,10648776,29,86,6839,5355
-1.3718969,4.9498487,-1.4182103,885.0,10699656,30,86,6872,5340
-1.3392366,4.949819,-1.4157432,883.0,10746856,30,86,6766,5331
-1.307857,4.954224,-1.4146466,842.0,10798896,28,86,6635,5327
-1.2762339,4.9574995,-1.4132761,839.0,10847056,28,86,6230,5322
-1.2432141,4.954977,-1.4102607,818.0,10895616,27,86,6428,5311
-1.212559,4.961578,-1.4099865,853.0,10942616,28,86,6001,5310
-1.1807556,4.9633117,-1.4083418,840.0,10994816,28,86,6121,5304
-1.1485424,4.962968,-1.4061488,774.0,11042696,25,86,7358,5296
-1.1153214,4.9577255,-1.402585,762.0,11091776,25,86,5939,5283
-1.0844693,4.962597,-1.4020368,777.0,11138176,25,86,6483,5281
-1.052001,4.95975,-1.3992956,743.0,11186248,24,86,6404,5271
-1.0180564,4.949157,-1.3943613,783.0,11235528,25,86,5971,5253
-0.9850345,4.9421077,-1.3905234,701.0,11284728,22,86,5100,5239
-0.9535971,4.9423933,-1.3888787,757.0,11336928,24,86,5777,5233
-0.9239598,4.951933,-1.3899752,767.0,11380488,25,86,5686,5237
-0.86263525,4.786211,-1.3403583,626.0,11434448,19,86,7858,5056
-0.8208739,4.720357,-1.3197987,949.0,11478968,31,86,10302,4981
-0.7880737,4.702543,-1.3132197,1148.0,11530888,42,86,18315,4957
-0.7582842,4.7015934,-1.3115749,1033.0,11579008,34,86,9900,4951
-0.7677887,4.9532366,-1.3828479,647.0,11625768,19,86,1206,5211
-0.7366731,4.953099,-1.3814774,637.0,11675568,19,86,1168,5206
-0.70504457,4.948957,-1.3790102,702.0,11726088,21,86,2423,5197
-0.67466503,4.95319,-1.3790102,724.0,11773528,23,86,5399,5197
-0.64351493,4.9515147,-1.3773654,746.0,11820568,24,86,5389,5191
-0.61193746,4.945826,-1.3746241,703.0,11873008,22,86,5678,5181
-0.5810165,4.944712,-1.3732535,730.0,11917888,22,86,5759,5176
-0.54970574,4.9395823,-1.3707863,734.0,11970528,22,86,5736,5167
-0.51868135,4.9361677,-1.3688674,759.0,12020208,23,86,5776,5160
-0.48838383,4.939257,-1.3688674,735.0,12068168,22,86,5493,5160
-0.45708877,4.9316278,-1.365852,752.0,12115608,23,86,5768,5149
-0.42657083,4.931465,-1.3650297,732.0,12165448,22,86,5958,5146
-0.39645842,4.935907,-1.3655779,767.0,12212528,24,86,6057,5148
-0.36559382,4.9305744,-1.363385,790.0,12260088,24,86,6051,5140
-0.335268,4.931765,-1.3631108,776.0,12309128,24,86,6037,5139
-0.30488175,4.93181,-1.3625625,803.0,12360048,25,86,6070,5137
-0.2745613,4.9326277,-1.3622884,782.0,12409688,24,86,6075,5136
-0.24395536,4.927496,-1.3603696,804.0,12457168,25,86,6129,5129
-0.21384199,4.9317822,-1.3611919,900.0,12507680,29,86,6177,5132
-0.18357712,4.9330015,-1.3611919,856.0,12554920,27,86,6272,5132
-0.15309443,4.9273067,-1.359273,860.0,12605160,27,86,6396,5125
-0.122688554,4.9214234,-1.3573542,830.0,12651160,26,86,6474,5118
-0.09234231,4.9143915,-1.3551611,819.0,12700560,26,86,6611,5110
-0.062111843,4.909096,-1.3535163,832.0,12748880,26,86,6724,5104
-0.03201515,4.9132314,-1.3546128,889.0,12800320,29,86,6934,5108
-0.0018675259,4.9133353,-1.3546128,864.0,12849440,28,86,6983,5108
0.028259082,4.9094076,-1.3535163,901.0,12900000,29,86,5843,5104
0.058482658,4.9177966,-1.3559835,539.0,12946640,15,86,5032,5113
0.08865659,4.917345,-1.3559835,935.0,12995560,31,86,7080,5113
0.11880421,4.915747,-1.3557093,879.0,13043000,28,86,7118,5112
0.14902218,4.916848,-1.3562576,951.0,13091720,31,86,7327,5114
0.17915381,4.91488,-1.3559835,933.0,13140480,31,86,7170,5113
0.20918559,4.9108057,-1.3551611,911.0,13187720,30,86,7332,5110
0.2391741,4.906548,-1.3543388,940.0,13239200,31,86,7558,5107
0.2693805,4.9069085,-1.354887,959.0,13286080,32,86,7771,5109
0.29930863,4.9022837,-1.3540646,975.0,13339360,33,86,7676,5106
0.3293186,4.8993955,-1.3537905,950.0,13383560,31,86,7513,5105
0.3595849,4.90016,-1.3546128,941.0,13434560,31,86,7497,5108
0.38956895,4.8969026,-1.3543388,927.0,13480840,30,86,7751,5107
0.4197722,4.8963366,-1.354887,941.0,13531000,31,86,7568,5109
0.44980767,4.8936687,-1.354887,904.0,13583200,29,86,7576,5109
0.4806689,4.8994308,-1.3573542,952.0,13630520,32,86,7799,5118
0.5105232,4.894476,-1.3568058,940.0,13679280,31,86,7623,5116
0.5402294,4.8883834,-1.3559835,902.0,13725520,29,86,7617,5113
0.570325,4.885932,-1.3562576,946.0,13773120,31,86,7834,5114
0.6007622,4.886159,-1.3573542,996.0,13826112,34,86,7734,5118
0.6314695,4.8881035,-1.3589989,979.0,13872512,33,86,7915,5124
0.66183686,4.886996,-1.3598212,951.0,13920232,32,86,7888,5127
0.6918104,4.882843,-1.3598212,989.0,13970392,33,86,7961,5127
0.7221794,4.88136,-1.3606436,974.0,14018952,33,86,8012,5130
0.7531415,4.8834906,-1.3625625,1017.0,14067032,35,86,8025,5137
0.78385264,4.8835254,-1.3639332,945.0,14115032,31,86,7766,5142
0.8144345,4.882418,-1.3650297,994.0,14164312,34,86,8128,5146
0.84421337,4.8763814,-1.3647555,1009.0,14217272,34,86,8152,5145
0.8747968,4.874896,-1.365852,981.0,14266512,33,86,8251,5149
0.9055692,4.8741646,-1.3672227,974.0,14311432,33,86,8111,5154
0.9361843,4.8722944,-1.3683192,950.0,14363272,32,86,7948,5158
0.9660625,4.866458,-1.3683192,1022.0,14412872,35,86,7944,5158
0.99744666,4.867976,-1.3705122,988.0,14456872,33,86,8306,5166
1.0292828,4.8711743,-1.3732535,953.0,14510232,32,86,7799,5176
1.058948,4.863827,-1.3729794,969.0,14557272,32,86,4531,5175
1.0912931,4.8684998,-1.3762689,929.0,14608632,31,86,2870,5187
1.1217927,4.8645234,-1.3770913,740.0,14657512,23,86,1285,5190
1.150955,4.854741,-1.3762689,791.0,14703392,25,86,1280,5187
1.18254,4.855063,-1.378462,861.0,14749992,28,86,1482,5195
1.2141724,4.85518,-1.3806549,921.0,14799912,30,86,1628,5203
1.2444179,4.8495016,-1.3812032,912.0,14850592,30,86,1905,5205
1.27684,4.852006,-1.3842186,927.0,14897792,31,86,3855,5216
1.3083386,4.85058,-1.3861375,899.0,14949352,31,86,6656,5223
1.3398678,4.84895,-1.3880564,849.0,14998432,28,86,5655,5230
1.370903,4.845265,-1.389427,883.0,15046072,29,86,4428,5235
1.4022107,4.8423047,-1.3910718,851.0,15094104,28,86,4079,5241
1.4332607,4.8382206,-1.3924423,863.0,15145424,28,86,3539,5246
1.4657061,4.8385396,-1.3951837,832.0,15193464,27,86,2810,5256
1.4993461,4.8423176,-1.3990214,853.0,15242224,27,86,2440,5270
1.5293196,4.833944,-1.3992956,812.0,15288984,26,86,2306,5271
1.5607241,4.82996,-1.4009403,821.0,15336704,26,86,2083,5277
1.5939436,4.831253,-1.4042299,832.0,15385864,26,86,1839,5289
1.6275443,4.833231,-1.4077935,855.0,15435224,28,86,2277,5302
1.6602923,4.8322496,-1.4105347,824.0,15487104,26,86,3047,5312
1.6924539,4.829232,-1.4127278,796.0,15530464,25,86,3767,5320
1.728198,4.835965,-1.4179362,761.0,15584264,24,86,4198,5339
1.7598121,4.830692,-1.4195809,741.0,15628864,23,86,4017,5345
1.7991195,4.845951,-1.4275306,451.0,15681424,13,86,2487,5374
1.8356199,4.8528123,-1.4330132,107.0,15729304,3,86,1063,5394
1.8805647,4.8809466,-1.4450748,65.0,15776504,1,86,976,5438
1.9153925,4.8818507,-1.4489125,71.0,15826264,2,86,1552,5452
1.9552932,4.8950152,-1.4565881,56.0,15875864,1,86,1519,5480
22.459032,7.741431,-6.7255845,61.0,22711784,33,86,4622,24701
-25.042027,4.7838063,-7.5444794,28.0,2637464,24,87,4028,26600
-24.132442,4.9178805,-7.2865195,52.0,2737104,31,87,3327,25696
-2.128122,5.124841,-1.6059806,481.0,10507056,26,87,8587,5789
-2.0864792,5.1129637,-1.5979908,725.0,10552296,41,87,9300,5761
-2.0404174,5.089207,-1.5862913,600.0,10598976,31,87,6883,5720
-1.9598931,4.976821,-1.5463418,25.0,10648776,1,87,2079,5580
-1.909922,4.9387093,-1.5303619,13.0,10699656,1,87,1079,5524
-1.8679926,4.9198794,-1.5206599,32.0,10746856,1,87,2829,5490
-1.8340805,4.921373,-1.517521,37.0,10798896,2,87,3728,5479
-1.7942828,4.906438,-1.5092458,35.0,10847056,2,87,3581,5450
-1.7592787,4.9038267,-1.5049654,42.0,10895616,2,87,3620,5435
-1.7227802,4.896452,-1.4992584,47.0,10942616,2,87,3128,5415
-1.6883183,4.89425,-1.4952633,39.0,10994816,2,87,2351,5401
-1.659179,4.90724,-1.4961195,115.0,11042696,5,87,2472,5404
-1.6169531,4.8809457,-1.4847053,675.0,11091776,33,87,7917,5364
-1.5848981,4.8843956,-1.4827079,814.0,11138176,42,87,8354,5357
-1.5531527,4.888549,-1.4809957,785.0,11186248,40,87,8078,5351
-1.5182775,4.8824325,-1.4761447,816.0,11235528,41,87,7800,5334
-1.4852142,4.8815727,-1.4730058,802.0,11284728,41,87,7567,5323
-1.4535891,4.8850837,-1.4712937,820.0,11336928,41,87,7240,5317
-1.4211717,4.88563,-1.4687254,785.0,11380488,39,87,7364,5308
-1.3885394,4.885041,-1.4658719,789.0,11434448,40,87,7386,5298
-1.3562253,4.8851595,-1.4633038,765.0,11478968,38,87,7655,5289
-1.3222018,4.878592,-1.4587381,800.0,11530888,40,87,7515,5273
-1.289539,4.876423,-1.4555992,766.0,11579008,38,87,7549,5262
-1.2588733,4.8814597,-1.4547431,794.0,11625768,40,87,7613,5259
-1.2281945,4.8863044,-1.4538871,780.0,11675568,39,87,7642,5256
-1.1968175,4.888164,-1.452175,879.0,11726088,45,87,7643,5250
-1.1641263,4.8842297,-1.4487507,857.0,11773528,44,87,7892,5238
-1.1308768,4.877279,-1.4444704,830.0,11820568,42,87,8105,5223
-1.0975451,4.869169,-1.4399048,826.0,11873008,42,87,8084,5207
-1.0666189,4.8711314,-1.438478,823.0,11917888,42,87,8072,5202
-1.0359101,4.873835,-1.4373366,781.0,11970528,39,87,8089,5198
-1.0048198,4.8744683,-1.4356245,786.0,12020208,40,87,8431,5192
-0.9733837,4.8730245,-1.4333416,668.0,12068168,32,87,5529,5184
-0.9489469,4.9071307,-1.4419023,157.0,12115608,6,87,2084,5214
-0.88130593,4.713168,-1.3814073,561.0,12165448,26,87,9351,5002
-0.8475772,4.692083,-1.3734173,805.0,12212528,39,87,11646,4974
-0.81761354,4.6905866,-1.3714198,1018.0,12260088,53,87,11979,4967
-0.8041372,4.7862396,-1.3988138,801.0,12309128,38,87,4030,5063
-0.7864415,4.86298,-1.4205006,875.0,12360048,41,87,1246,5139
-0.7589556,4.8828645,-1.4250664,864.0,12409688,41,87,2801,5155
-0.7272747,4.8760557,-1.4216421,842.0,12457168,42,87,7789,5143
-0.6963877,4.8737855,-1.4196446,918.0,12507680,47,87,8300,5136
-0.66646963,4.877967,-1.4196446,869.0,12554920,43,87,8335,5136
-0.635903,4.877213,-1.4182179,864.0,12605160,43,87,8156,5131
-0.605133,4.874366,-1.4162204,866.0,12651160,43,87,8597,5124
-0.5743089,4.8703732,-1.4139376,869.0,12700560,43,87,8586,5116
-0.54494995,4.8785677,-1.4153643,803.0,12748880,39,87,8629,5121
-0.5143973,4.876101,-1.4136522,857.0,12800320,43,87,8682,5115
-0.48303625,4.864861,-1.4093719,897.0,12849440,45,87,8680,5100
-0.45263916,4.8620076,-1.4076598,876.0,12900000,44,87,8727,5094
-0.42279792,4.8646936,-1.4076598,860.0,12946640,43,87,8681,5094
-0.3931745,4.870062,-1.4085158,859.0,12995560,43,87,8545,5097
-0.36357316,4.8762054,-1.4096572,914.0,13043000,47,87,8934,5101
-0.33338174,4.8745203,-1.4085158,864.0,13091720,43,87,8889,5097
-0.30346596,4.876474,-1.4085158,838.0,13140480,42,87,8771,5097
-0.27359322,4.879201,-1.4088012,902.0,13187720,46,87,8904,5098
-0.24301842,4.8683443,-1.4050915,838.0,13239200,42,87,8660,5085
-0.21280065,4.8620844,-1.4028088,874.0,13286080,44,87,8823,5077
-0.18307392,4.8661714,-1.4036648,856.0,13339360,43,87,8735,5080
-0.1532741,4.869119,-1.4042355,862.0,13383560,43,87,8817,5082
-0.12336979,4.86901,-1.4039502,810.0,13434560,40,87,8663,5081
-0.0934726,4.8687167,-1.4036648,799.0,13480840,39,87,8544,5080
-0.063530415,4.864407,-1.402238,798.0,13531000,39,87,8438,5075
-0.033607494,4.8551216,-1.3993845,839.0,13583200,42,87,8331,5065
-0.0038179446,4.8561945,-1.3996699,841.0,13630520,42,87,8262,5066
0.025974844,4.8551683,-1.3993845,749.0,13679280,35,87,6118,5065
0.055734467,4.852042,-1.3985285,577.0,13725520,26,87,6351,5062
0.08550499,4.851609,-1.3985285,785.0,13773120,38,87,7650,5062
0.11514045,4.845244,-1.3968164,799.0,13826112,39,87,7656,5056
0.14470102,4.8386984,-1.3951042,792.0,13872512,38,87,7741,5050
0.17475903,4.8482556,-1.3982431,795.0,13920232,39,87,7696,5061
0.20470211,4.85188,-1.3996699,849.0,13970392,42,87,7728,5066
0.23415045,4.843831,-1.3976724,867.0,14018952,43,87,7678,5059
0.2635591,4.836561,-1.3959602,830.0,14067032,41,87,7914,5053
0.29363132,4.84155,-1.3979577,809.0,14115032,39,87,7603,5060
0.32326987,4.838701,-1.3976724,839.0,14164312,41,87,7934,5059
0.3527466,4.8337584,-1.3968164,775.0,14217272,37,87,7819,5056
0.38284832,4.837236,-1.3985285,824.0,14266512,40,87,7729,5062
0.41300598,4.8405256,-1.4002405,781.0,14311432,38,87,7847,5068
0.44217983,4.8321733,-1.3985285,779.0,14363272,38,87,7975,5062
0.47182116,4.829369,-1.3985285,755.0,14412872,36,87,8068,5062
0.50134647,4.82543,-1.3982431,807.0,14456872,39,87,7769,5061
0.5313617,4.8260736,-1.3993845,869.0,14510232,43,87,7620,5065
0.56063414,4.819866,-1.3985285,844.0,14557272,42,87,7454,5062
0.59054506,4.81919,-1.3993845,814.0,14608632,40,87,7482,5065
0.6204688,4.8183274,-1.4002405,819.0,14657512,40,87,7213,5068
0.65040416,4.8172793,-1.4010966,825.0,14703392,40,87,7064,5071
0.6807499,4.8188925,-1.4028088,839.0,14749992,41,87,6679,5077
0.71100074,4.8193665,-1.4042355,799.0,14799912,38,87,6644,5082
0.7414279,4.8205976,-1.4059477,795.0,14850592,38,87,6320,5088
0.7711433,4.816904,-1.406233,728.0,14897792,34,87,5780,5089
0.7999021,4.807354,-1.4048063,607.0,14949352,27,87,5440,5084
0.830196,4.807078,-1.406233,521.0,14998432,23,87,5032,5089
0.86135733,4.8113294,-1.4090866,508.0,15046072,22,87,4452,5099
0.8912107,4.8078384,-1.4096572,387.0,15094104,16,87,4272,5101
0.92590517,4.829581,-1.4179325,291.0,15145424,12,87,3877,5130
0.95440876,4.8181667,-1.4162204,242.0,15193464,10,87,2993,5124
0.98089486,4.7971935,-1.4116547,113.0,15242224,4,87,2653,5108
1.0122813,4.800464,-1.4145082,90.0,15288984,3,87,1994,5118
1.0477995,4.8222647,-1.4230689,50.0,15336704,2,87,1175,5148
1.0740329,4.8007774,-1.4185032,61.0,15385864,2,87,883,5132
1.107754,4.8127804,-1.4242103,36.0,15435224,1,87,778,5152
1.1306654,4.7779074,-1.4156497,24.0,15487104,1,87,746,5122
1.1631202,4.7839203,-1.4196446,22.0,15530464,1,87,756,5136
1.1919892,4.774833,-1.4190739,24.0,15584264,1,87,748,5134
1.2255319,4.784145,-1.4242103,24.0,15628864,1,87,780,5152
1.2473379,4.747793,-1.4153643,77.0,15681424,3,87,1251,5121
1.2799248,4.7530093,-1.4193593,99.0,15729304,4,87,2359,5135
1.3123683,4.75708,-1.4230689,336.0,15776504,14,87,2968,5148
1.3438706,4.757241,-1.425637,633.0,15826264,28,87,2732,5157
1.3748934,4.755352,-1.4276345,724.0,15875864,34,87,5330,5164
1.4032325,4.744068,-1.4267784,747.0,15923984,36,87,6995,5161
1.4348058,4.7436275,-1.4293467,752.0,15970384,36,87,7073,5170
1.4664263,4.742977,-1.4319148,719.0,16023104,35,87,7324,5179
1.4983808,4.7430315,-1.4347684,695.0,16067624,34,87,6622,5189
1.5280424,4.735573,-1.4353391,721.0,16120224,35,87,6280,5191
1.5597632,4.734303,-1.4379072,719.0,16170544,35,87,6002,5200
1.5933542,4.738273,-1.4421875,751.0,16218784,37,87,6009,5215
1.6332589,4.760145,-1.452175,513.0,16266064,23,87,4383,5250
1.6561183,4.731937,-1.4464679,614.0,16315944,29,87,5333,5230
1.6960502,4.752385,-1.45617,767.0,16362864,38,87,5612,5264
1.7284479,4.750898,-1.4590235,699.0,16409936,34,87,5685,5274
1.7608912,4.749192,-1.461877,763.0,16458576,38,87,5919,5284
1.7943925,4.749957,-1.4655865,686.0,16509576,32,87,4645,5297
1.8248777,4.7424364,-1.466728,704.0,16559096,33,87,2916,5301
1.8815112,4.801668,-1.4892709,228.0,16606656,10,87,2193,5380
1.9343314,4.848804,-1.5081043,205.0,16657136,9,87,2711,5446
23.318855,7.900234,-7.2842364,48.0,23540216,33,87,4540,25688
-24.965744,4.8220735,-7.8731318,40.0,292880,18,88,3105,26631
-17.356688,3.9070017,-5.4947276,40.0,538920,8,88,2152,18633
-2.2181277,5.264067,-1.7326379,239.0,8108952,5,88,4178,5982
-2.117949,5.11346,-1.6773262,735.0,8157512,19,88,7616,5796
-2.0793476,5.108668,-1.6713786,904.0,8207912,25,88,7985,5776
-2.0316846,5.080539,-1.6576995,622.0,8257992,14,88,4848,5730
-1.9631925,4.9977956,-1.6258802,24.0,8305032,1,88,1640,5623
-1.9108837,4.953612,-1.6071457,28.0,8355592,1,88,1842,5560
-1.870666,4.939343,-1.5985218,38.0,8403072,1,88,2196,5531
-1.8270438,4.914921,-1.5866268,32.0,8453392,1,88,1816,5491
-1.7818333,4.8847675,-1.5729476,27.0,8499792,1,88,1608,5445
-1.7438029,4.8731294,-1.5655133,19.0,8548832,1,88,1188,5420
-1.7129227,4.881034,-1.5646211,53.0,8598224,1,88,2290,5417
-1.666515,4.8435903,-1.5488602,776.0,8649704,18,88,7209,5364
-1.6273283,4.825671,-1.5396416,1029.0,8698184,26,88,7876,5333
-1.5946997,4.8264976,-1.5366678,1039.0,8748264,27,88,7876,5323
-1.5606561,4.822562,-1.5322073,948.0,8794824,23,88,7926,5308
-1.5255704,4.81475,-1.5265571,993.0,8843824,25,88,8014,5289
-1.4917678,4.810338,-1.5220965,959.0,8891424,24,88,7698,5274
-1.4589063,4.8084345,-1.518528,997.0,8940304,25,88,7459,5262
-1.4253119,4.8035626,-1.5140673,977.0,8989784,24,88,7329,5247
-1.3910366,4.7957087,-1.5087146,911.0,9036264,22,88,6940,5229
-1.3576905,4.790372,-1.504254,960.0,9087424,24,88,6625,5214
-1.3249701,4.7866473,-1.5003881,911.0,9134864,22,88,6579,5201
-1.2938367,4.7882338,-1.4983065,882.0,9188104,21,88,6384,5194
-1.2634617,4.792389,-1.4971169,855.0,9232544,20,88,6209,5190
-1.2290558,4.7806287,-1.4908721,844.0,9283864,19,88,6129,5169
-1.1959984,4.773259,-1.4861141,765.0,9330304,17,88,5991,5153
-1.1655596,4.775869,-1.4846272,732.0,9380664,16,88,4217,5148
-1.1375531,4.7885056,-1.4864115,203.0,9432184,3,88,1400,5154
-1.0925125,4.727474,-1.4647031,14.0,9479664,1,88,572,5081
-1.0336058,4.7367935,-1.4635136,7.0,9574944,1,88,527,5077
-1.00531,4.7467833,-1.4647031,10.0,9622744,1,88,533,5081
-0.97922647,4.7678285,-1.4694611,12.0,9674744,1,88,548,5097
-0.95329344,4.790605,-1.4748138,12.0,9720864,1,88,636,5115
-0.9231616,4.7926135,-1.4736243,12.0,9769144,1,88,616,5111
-0.89547795,4.807575,-1.4765981,14.0,9819384,1,88,692,5121
-0.8659623,4.812979,-1.4765981,21.0,9868096,1,88,716,5121
-0.816423,4.702481,-1.440021,59.0,9916256,1,88,1734,4998
-0.78347814,4.6829147,-1.4322892,158.0,9964056,2,88,2126,4972
-0.77163845,4.793222,-1.4655952,33.0,10013016,1,88,517,5084
-0.74279404,4.801641,-1.4667847,44.0,10066416,1,88,859,5088
-0.71582675,4.8231096,-1.4721375,48.0,10115016,1,88,1658,5106
-0.68662006,4.8302474,-1.4730296,60.0,10160296,1,88,1901,5109
-0.6555636,4.8239617,-1.4697585,61.0,10212976,1,88,1819,5098
-0.6242442,4.814636,-1.4655952,42.0,10261936,1,88,1604,5084
-0.59213465,4.7975273,-1.459053,49.0,10306176,1,88,1802,5062
-0.56070006,4.7839994,-1.4537003,60.0,10359496,1,88,1631,5044
-0.5311264,4.785452,-1.4531054,58.0,10406656,1,88,1327,5042
-0.5018521,4.7895703,-1.4534029,59.0,10457896,1,88,1177,5043
-0.47226867,4.790659,-1.4528081,58.0,10507056,1,88,1034,5041
-0.44225553,4.786811,-1.4507265,33.0,10552296,1,88,1042,5034
-0.41401282,4.802753,-1.4548898,56.0,10598976,1,88,932,5048
-0.38513887,4.812817,-1.4572687,64.0,10648776,1,88,881,5056
-0.35580933,4.8179464,-1.4581609,56.0,10699656,1,88,917,5059
-0.3256034,4.8105125,-1.4551871,48.0,10746856,1,88,819,5049
-0.2953286,4.8000307,-1.4513212,45.0,10798896,1,88,893,5036
-0.2652987,4.7912655,-1.4480501,55.0,10847056,1,88,684,5025
-0.23575664,4.7899423,-1.447158,41.0,10895616,1,88,745,5022
-0.20628108,4.789391,-1.4465632,51.0,10942616,1,88,779,5020
-0.17706223,4.795337,-1.4480501,49.0,10994816,1,88,685,5025
-0.1479782,4.8077855,-1.4516187,65.0,11042696,1,88,670,5037
-0.118702635,4.8181477,-1.4545923,54.0,11091776,1,88,755,5047
-0.0891368,4.818785,-1.4545923,53.0,11138176,1,88,639,5047
-0.0595456,4.8173323,-1.4539976,72.0,11186248,1,88,657,5045
-0.029985882,4.817607,-1.4539976,78.0,11235528,1,88,649,5045
-0.00042503787,4.8177,-1.4539976,72.0,11284728,1,88,716,5045
0.028774666,4.7651014,-1.437642,320.0,11336928,6,88,3208,4990
0.057925265,4.7581525,-1.4355603,749.0,11380488,16,88,4527,4983
0.08722934,4.763435,-1.4373447,744.0,11434448,16,88,4499,4989
0.11611764,4.749448,-1.4331814,612.0,11478968,12,88,4299,4975
0.14555746,4.7581887,-1.4361551,727.0,11530888,15,88,4834,4985
0.17428438,4.744803,-1.4322892,707.0,11579008,14,88,3315,4972
0.20689774,4.8237677,-1.4572687,67.0,11625768,1,88,601,5056
0.23069018,4.706071,-1.420989,14.0,11675568,1,88,471,4934
0.7383495,4.7781754,-1.4593503,10.0,12507680,1,88,383,5063
0.76933,4.7839227,-1.4626215,17.0,12554920,1,88,454,5074
0.8013577,4.795119,-1.4676769,23.0,12605160,1,88,480,5091
0.83437127,4.8108044,-1.4742191,24.0,12651160,1,88,509,5113
0.86098933,4.789622,-1.4691638,23.0,12700560,1,88,498,5096
0.8914144,4.78988,-1.470948,17.0,12748880,1,88,492,5102
0.91843206,4.772134,-1.4670821,15.0,12800320,1,88,404,5089
0.9376002,4.7158494,-1.4510238,10.0,12849440,1,88,409,5035
1.0067929,4.905446,-1.5131752,64.0,12900000,1,88,615,5244
1.0366747,4.8982425,-1.5128778,78.0,12946640,1,88,512,5243
1.0790141,4.672778,-1.447158,8.0,13091720,1,88,458,5022
1.1825252,4.7225,-1.4697585,8.0,13239200,1,88,410,5098
1.2150549,4.729023,-1.4742191,9.0,13286080,1,88,435,5113
1.2484411,4.7380934,-1.4795718,17.0,13339360,1,88,461,5131
1.270499,4.7045407,-1.4712454,30.0,13383560,1,88,507,5103
1.2921923,4.670897,-1.4629189,49.0,13434560,1,88,440,5075
1.3294401,4.6931877,-1.4727322,33.0,13480840,1,88,445,5108
1.3640771,4.705111,-1.4792745,30.0,13531000,1,88,490,5130
1.3986381,4.7158704,-1.4855194,31.0,13583200,1,88,463,5151
1.4325488,4.723642,-1.4908721,16.0,13630520,1,88,348,5169
1.463206,4.7202334,-1.4926564,25.0,13679280,1,88,412,5175
1.5363394,4.7491474,-1.5081198,20.0,13773120,1,88,361,5227
1.5441391,4.67528,-1.4870062,49.0,13826112,1,88,1053,5156
1.5657655,4.644914,-1.4801666,323.0,13872512,6,88,3244,5133
1.601707,4.656882,-1.4873036,754.0,13920232,16,88,5475,5157
1.6302509,4.6469665,-1.4873036,792.0,13970392,18,88,5885,5157
1.6626012,4.6476603,-1.4908721,744.0,14018952,16,88,5791,5169
1.6937101,4.644545,-1.4932511,804.0,14067032,18,88,5685,5177
1.7261764,4.6448016,-1.4968196,767.0,14115032,18,88,5990,5189
1.76142,4.6519747,-1.5027671,771.0,14164312,17,88,4371,5209
1.7957835,4.6562185,-1.5078225,768.0,14217272,17,88,2766,5226
1.8414565,4.6886435,-1.5223938,615.0,14266512,13,88,4355,5275
1.8762288,4.6923223,-1.5274493,405.0,14311432,8,88,2506,5292
1.9792703,4.8628345,-1.5887084,102.0,14363272,2,88,1367,5498
2.0321305,4.9061527,-1.6074431,163.0,14412872,3,88,1704,5561
-22.448776,5.0427604,-7.442126,46.0,1316952,23,89,3595,24195
-2.232816,5.2072616,-1.7971926,277.0,8843824,7,89,5350,5957
-2.1546776,5.111325,-1.7585032,797.0,8891424,23,89,8688,5832
-2.1167266,5.1086354,-1.752932,812.0,8940304,23,89,7463,5814
-2.044844,5.022,-1.7179568,180.0,8989784,4,89,2986,5701
-1.9769294,4.9417415,-1.6854577,567.0,9036264,14,89,4831,5596
-1.9403144,4.9378467,-1.6798865,763.0,9087424,21,89,7519,5578
-1.8901377,4.8982005,-1.6619346,949.0,9134864,26,89,8917,5520
-1.8553342,4.897256,-1.6576014,927.0,9188104,26,89,9053,5506
-1.8149832,4.8809156,-1.6480064,953.0,9232544,27,89,9201,5475
-1.774903,4.864266,-1.6384114,981.0,9283864,28,89,9201,5444
-1.7376578,4.8544717,-1.6312926,959.0,9330304,27,89,9085,5421
-1.6974525,4.8354316,-1.6210786,1021.0,9380664,29,89,9090,5388
-1.6612574,4.8268723,-1.6145788,1034.0,9432184,28,89,9231,5367
-1.6252314,4.818052,-1.608079,1042.0,9479664,29,89,9310,5346
-1.5881838,4.80536,-1.6003411,1053.0,9527624,29,89,9292,5321
-1.5501829,4.7887764,-1.5913652,1051.0,9574944,29,89,9206,5292
-1.5150292,4.7800674,-1.5851749,1021.0,9622744,28,89,9378,5272
-1.4806039,4.7729244,-1.5796036,1025.0,9674744,28,89,9221,5254
-1.4479791,4.771,-1.5758895,1063.0,9720864,29,89,8808,5242
-1.4165149,4.7725015,-1.5734133,1070.0,9769144,29,89,8326,5234
-1.3816456,4.761924,-1.5669135,976.0,9819384,26,89,8101,5213
-1.3467004,4.7501836,-1.5601041,954.0,9868096,25,89,7847,5191
-1.3127121,4.7409444,-1.5542234,1000.0,9916256,25,89,8076,5172
-1.2771529,4.725041,-1.546176,980.0,9964056,25,89,8144,5146
-1.2435342,4.7153177,-1.5402952,1013.0,10013016,26,89,8601,5127
-1.2110294,4.709044,-1.5356525,1072.0,10066416,28,89,8719,5112
-1.180265,4.709007,-1.5331764,1049.0,10115016,27,89,8384,5104
-1.1495467,4.7087693,-1.5307002,1011.0,10160296,26,89,8700,5096
-1.1184367,4.7064824,-1.527605,1058.0,10212976,27,89,7872,5086
-1.0850451,4.6937995,-1.5211053,1014.0,10261936,26,89,7348,5065
-1.0539336,4.6901627,-1.5177007,954.0,10306176,23,89,6979,5054
-1.0237179,4.6900377,-1.515534,970.0,10359496,24,89,6440,5047
-0.9931497,4.687858,-1.5127484,799.0,10406656,18,89,4403,5038
-0.96570456,4.700384,-1.514915,278.0,10457896,5,89,1588,5045
-0.9446317,4.7453923,-1.5279146,18.0,10507056,1,89,568,5087
-0.8910234,4.7818685,-1.5362716,12.0,10598976,1,89,528,5114
-0.8544335,4.7470016,-1.5229623,13.0,10648776,1,89,612,5071
-0.8230161,4.739038,-1.5186292,7.0,10699656,1,89,469,5057
-0.7623839,4.7337594,-1.5136769,18.0,10798896,1,89,494,5041
-0.7458084,4.8191667,-1.5402952,47.0,10847056,1,89,403,5127
-0.71664274,4.826474,-1.5412238,42.0,10895616,1,89,508,5130
-0.6914243,4.8618484,-1.5514377,61.0,10942616,1,89,507,5163
-0.6623466,4.871653,-1.5532948,42.0,10994816,1,89,560,5169
-0.5391362,4.855252,-1.5430808,9.0,11186248,1,89,518,5136
-0.4803079,5.196708,-1.6517205,8.0,11336928,1,89,508,5487
-0.38646886,4.8259025,-1.5288432,12.0,11434448,1,89,476,5090
-0.33214712,4.9033346,-1.5526758,15.0,11530888,1,89,489,5167
-0.088944755,4.7929826,-1.5133674,14.0,11917888,1,89,488,5040
-0.05923374,4.7687163,-1.5053201,7.0,11970528,1,89,393,5014
-0.00071078836,4.761477,-1.5028439,15.0,12068168,1,89,430,5006
0.02792707,4.669157,-1.472821,129.0,12115608,2,89,1868,4909
0.056469813,4.6603403,-1.4700353,849.0,12165448,19,89,5460,4900
0.085116945,4.6627584,-1.4709638,871.0,12212528,19,89,5348,4903
0.113748945,4.663099,-1.4712734,789.0,12260088,17,89,4661,4904
0.14218329,4.6566105,-1.4694163,870.0,12309128,19,89,5476,4898
0.17096378,4.6613517,-1.4712734,719.0,12360048,15,89,3899,4904
0.20201932,4.7172155,-1.4898443,38.0,12409688,1,89,440,4964
0.7651216,5.1624665,-1.6517205,10.0,13239200,1,89,554,5487
0.81452435,5.2723193,-1.6894814,43.0,13286080,1,89,606,5609
0.8386956,5.216527,-1.6727676,35.0,13339360,1,89,511,5555
0.8493443,5.0837345,-1.6306735,27.0,13383560,1,89,538,5419
0.8549793,4.9313383,-1.5820798,10.0,13434560,1,89,447,5262
0.8981908,4.99806,-1.6059123,25.0,13480840,1,89,427,5339
0.9493831,4.7764416,-1.5381286,37.0,13630520,1,89,463,5120
0.98862314,4.8189616,-1.5542234,88.0,13679280,1,89,742,5172
1.0187644,4.8155956,-1.5551519,121.0,13725520,2,89,770,5175
1.0124034,4.6448164,-1.5003678,13.0,13773120,1,89,357,4998
1.0400505,4.634806,-1.4991298,6.0,13826112,1,89,297,4994
1.1371377,4.6638365,-1.515534,8.0,13970392,1,89,303,5047
1.1624967,4.6438584,-1.5112008,31.0,14018952,1,89,409,5033
1.181496,4.5998006,-1.4988202,51.0,14067032,1,89,481,4993
1.2111524,4.5979815,-1.5006773,54.0,14115032,1,89,359,4999
1.2452968,4.612494,-1.5081056,46.0,14164312,1,89,348,5023
1.2773812,4.6185126,-1.5127484,59.0,14217272,1,89,366,5038
1.3072519,4.616077,-1.5146055,60.0,14266512,1,89,364,5044
1.3464144,4.6454115,-1.5272956,44.0,14311432,1,89,417,5085
1.4106069,4.7573924,-1.5681516,50.0,14363272,1,89,363,5217
1.4348005,4.7322693,-1.5625802,24.0,14412872,1,89,322,5199
1.4669092,4.7333665,-1.565985,16.0,14456872,1,89,375,5210
1.4950631,4.721557,-1.5650564,16.0,14510232,1,89,420,5207
1.4750997,4.561214,-1.5133674,127.0,14557272,2,89,1617,5040
1.5069381,4.563814,-1.5173911,516.0,14608632,11,89,3866,5053
1.543119,4.5788093,-1.525748,882.0,14657512,21,89,5952,5080
1.5739701,4.577347,-1.5285337,922.0,14703392,22,89,7033,5089
1.605806,4.5783696,-1.5322478,899.0,14749992,22,89,6908,5101
1.6380342,4.580069,-1.5362716,942.0,14799912,23,89,7174,5114
1.6706694,4.582438,-1.5406047,942.0,14850592,23,89,7277,5128
1.7050524,4.5890346,-1.5464855,919.0,14897792,22,89,6967,5147
1.736547,4.5873785,-1.5495807,943.0,14949352,23,89,6529,5157
1.7766438,4.6076865,-1.5604137,747.0,14998432,17,89,2919,5192
1.8167069,4.626789,-1.5709372,321.0,15046072,6,89,1086,5226
1.8966292,4.744453,-1.6161264,22.0,15094104,1,89,512,5372
1.9787792,4.863067,-1.6619346,145.0,15145424,3,89,2023,5520
2.0333335,4.9105697,-1.6829816,199.0,15193464,4,89,1771,5588
25.349958,8.37222,-8.642735,26.0,22025504,19,89,3153,28074
-24.287868,4.9490314,-8.352197,32.0,1957272,23,90,3303,26170
-22.273165,5.1109548,-7.696509,53.0,2152704,26,90,3858,24127
-2.2143316,5.1474066,-1.8514837,492.0,9622744,18,90,8013,5915
-2.1476383,5.0780377,-1.8209941,597.0,9674744,22,90,7854,5820
-2.0673301,4.9730687,-1.7776667,785.0,9720864,29,90,9415,5685
-2.0253081,4.957607,-1.7673966,836.0,9769144,31,90,8193,5653
-1.9835541,4.9418173,-1.7571263,790.0,9819384,29,90,9394,5621
-1.941723,4.9248223,-1.7465352,855.0,9868096,32,90,9452,5588
-1.9049665,4.9198647,-1.7404373,883.0,9916256,34,90,9560,5569
-1.8616084,4.896938,-1.7279204,867.0,9964056,32,90,9777,5530
-1.8176099,4.871004,-1.7144408,845.0,10013016,30,90,9597,5488
-1.7772592,4.8536086,-1.7041706,859.0,10066416,31,90,9665,5456
-1.7375114,4.8367934,-1.6942214,910.0,10115016,34,90,9829,5425
-1.698037,4.8196745,-1.6842722,913.0,10160296,34,90,9760,5394
-1.6631712,4.814786,-1.6788161,879.0,10212976,32,90,9917,5377
-1.6293412,4.812342,-1.6743228,974.0,10261936,35,90,10194,5363
-1.5932165,4.8024745,-1.6672621,925.0,10306176,33,90,9785,5341
-1.5569814,4.791445,-1.6598804,944.0,10359496,34,90,10055,5318
-1.5218042,4.7828593,-1.6534616,963.0,10406656,35,90,9882,5298
-1.4884824,4.7794485,-1.6489683,1057.0,10457896,39,90,9544,5284
-1.4549836,4.7749033,-1.6441542,1050.0,10507056,39,90,9402,5269
-1.4205137,4.766497,-1.6380563,938.0,10552296,33,90,9569,5250
-1.3880582,4.764213,-1.6342049,961.0,10598976,34,90,9495,5238
-1.3585398,4.7717295,-1.633884,654.0,10648776,20,90,4331,5237
-1.3366014,4.806435,-1.6431913,26.0,10699656,1,90,720,5266
-1.3013715,4.793525,-1.6358097,19.0,10746856,1,90,773,5243
-1.2714489,4.799589,-1.6351677,42.0,10798896,1,90,782,5241
-1.2362833,4.785294,-1.6274651,45.0,10847056,1,90,558,5217
-1.1948586,4.7450347,-1.6107761,14.0,10895616,1,90,573,5165
-1.1666247,4.755956,-1.6120598,25.0,10942616,1,90,673,5169
-1.1369802,4.7611823,-1.6114179,17.0,10994816,1,90,711,5167
-1.1015217,4.7413177,-1.6021105,48.0,11042696,1,90,1428,5138
-1.0552773,4.6722383,-1.5757931,267.0,11091776,7,90,3651,5056
-1.0156137,4.6286736,-1.5584623,803.0,11138176,25,90,6191,5002
-0.9864032,4.631113,-1.5571785,963.0,11186248,33,90,8748,4998
-0.95470667,4.6213117,-1.5517224,1066.0,11235528,36,90,8884,4981
-0.924471,4.6177964,-1.5485129,1032.0,11284728,34,90,8237,4971
-0.89467543,4.615944,-1.5459454,950.0,11336928,30,90,8170,4963
-0.86581135,4.618554,-1.5449826,1003.0,11380488,32,90,7413,4960
-0.83644176,4.6181884,-1.543057,869.0,11434448,26,90,5584,4954
-0.8059659,4.611106,-1.5388846,417.0,11478968,11,90,2836,4941
-0.78632635,4.6673284,-1.5565366,64.0,11530888,1,90,1000,4996
-0.7742285,4.773963,-1.5915195,38.0,11579008,1,90,594,5105
-0.7503288,4.8132467,-1.6033944,44.0,11625768,1,90,444,5142
-0.72878385,4.871148,-1.6216881,49.0,11675568,1,90,365,5199
-0.7029208,4.9036527,-1.6313164,72.0,11726088,1,90,405,5229
-0.75144476,5.480228,-1.827092,34.0,11773528,1,90,424,5839
-0.728271,5.5645556,-1.8543723,87.0,11820568,2,90,359,5924
-0.65446204,5.5269895,-1.838646,58.0,11917888,1,90,334,5875
-0.62053674,5.530901,-1.838646,84.0,11970528,2,90,335,5875
-0.5598743,5.283144,-1.752954,90.0,12020208,2,90,517,5608
-0.5238647,5.250669,-1.7407582,96.0,12068168,2,90,654,5570
-0.48809782,5.2160664,-1.7279204,105.0,12115608,3,90,700,5530
-0.45145229,5.166128,-1.7099476,100.0,12165448,2,90,681,5474
-0.4238981,5.219775,-1.7272786,68.0,12212528,1,90,654,5528
-0.38247496,5.097614,-1.684914,29.0,12260088,1,90,617,5396
-0.34139153,4.9581385,-1.6367725,31.0,12309128,1,90,615,5246
-0.29110458,5.1482325,-1.6999984,18.0,12409688,1,90,586,5443
-0.26396638,5.237889,-1.7298461,22.0,12457168,1,90,880,5536
-0.23304357,5.2668486,-1.7391535,70.0,12507680,2,90,1779,5565
-0.20304595,5.328749,-1.7596939,117.0,12554920,3,90,2039,5629
-0.17055902,5.336521,-1.7619405,24.0,12605160,1,90,814,5636
-0.13692273,5.3033834,-1.7503865,12.0,12651160,1,90,646,5600
-0.00587659,4.746359,-1.5610298,7.0,12849440,1,90,632,5010
0.022653,4.6175017,-1.5173814,70.0,12900000,1,90,1323,4874
0.050710276,4.5917053,-1.508716,797.0,12946640,24,90,5714,4847
0.0788835,4.5913076,-1.508716,848.0,12995560,26,90,6356,4847
0.10709734,4.592631,-1.5093578,854.0,13043000,26,90,5548,4849
0.1353304,4.593781,-1.5099998,967.0,13091720,31,90,6593,4851
0.16378208,4.600436,-1.5125673,797.0,13140480,23,90,4756,4859
0.23279727,5.583482,-1.8463486,179.0,13187720,5,90,598,5899
0.26732266,5.5876245,-1.8482744,156.0,13239200,4,90,545,5905
0.29763782,5.5121117,-1.8232408,105.0,13286080,3,90,517,5827
0.33088756,5.5007277,-1.8200313,107.0,13339360,3,90,522,5817
0.35071063,5.2878504,-1.7484609,18.0,13383560,1,90,582,5594
0.3807616,5.252537,-1.7372278,36.0,13434560,1,90,707,5559
0.41364962,5.2585993,-1.7401164,22.0,13480840,1,90,572,5568
0.44718507,5.271062,-1.7452514,16.0,13531000,1,90,492,5584
0.47686547,5.238979,-1.7353022,11.0,13583200,1,90,502,5553
0.50945926,5.240668,-1.7369069,13.0,13630520,1,90,425,5558
0.54471534,5.26759,-1.7471771,19.0,13679280,1,90,414,5590
0.58073276,5.2980423,-1.758731,29.0,13725520,1,90,484,5626
0.61562204,5.3150773,-1.7657918,27.0,13773120,1,90,462,5648
0.64982617,5.3243623,-1.770285,40.0,13826112,1,90,443,5662
0.6827241,5.3221536,-1.770927,27.0,13872512,1,90,425,5664
0.7120907,5.293459,-1.7625824,13.0,13920232,1,90,393,5638
0.7457434,5.2974305,-1.7654709,26.0,13970392,1,90,417,5647
0.7767208,5.2824473,-1.7619405,32.0,14018952,1,90,469,5636
0.80983514,5.2822633,-1.7635452,44.0,14067032,1,90,545,5641
0.8268816,5.1808586,-1.7304881,20.0,14115032,1,90,365,5538
0.8481313,5.1121507,-1.7086638,16.0,14164312,1,90,391,5470
0.86600155,5.028445,-1.6817045,12.0,14217272,1,90,394,5386
0.9027126,4.8823915,-1.6351677,10.0,14311432,1,90,380,5241
0.93413967,4.726923,-1.5854214,9.0,14412872,1,90,456,5086
0.99091613,4.857524,-1.6326002,191.0,14456872,5,90,1451,5233
0.96442294,4.5834894,-1.5398475,16.0,14510232,1,90,388,4944
0.99914247,4.608032,-1.5504386,24.0,14557272,1,90,292,4977
1.0267798,4.5990415,-1.5494758,12.0,14608632,1,90,314,4974
1.0590032,4.610194,-1.5555737,9.0,14657512,1,90,347,4993
1.08988,4.6146708,-1.5594251,12.0,14703392,1,90,362,5005
1.1190668,4.6115785,-1.5607089,19.0,14749992,1,90,493,5009
1.1400228,4.5752153,-1.5504386,35.0,14799912,1,90,578,4977
1.174402,4.5929103,-1.5591041,29.0,14850592,1,90,452,5004
1.2042413,4.592031,-1.5613507,17.0,14897792,1,90,464,5011
1.2228163,4.5488825,-1.548834,23.0,14949352,1,90,582,4972
1.2376419,4.4938087,-1.5321449,143.0,14998432,3,90,755,4920
1.2685306,4.497981,-1.5363171,539.0,15046072,14,90,909,4933
1.3037153,4.5165033,-1.5456245,858.0,15094104,25,90,1863,4962
1.3351551,4.5211368,-1.5501177,950.0,15145424,30,90,4986,4976
1.3650596,4.520113,-1.5526853,970.0,15193464,31,90,7829,4984
1.3955598,4.5207024,-1.5558947,921.0,15242224,30,90,7913,4994
1.4272571,4.5247006,-1.5603878,959.0,15288984,32,90,8279,5008
1.4599265,4.531184,-1.5658439,962.0,15336704,32,90,7868,5025
1.4909546,4.532038,-1.5693743,969.0,15385864,33,90,8194,5036
1.5229518,4.5353756,-1.5738676,958.0,15435224,32,90,8223,5050
1.5528989,4.532218,-1.5761142,921.0,15487104,31,90,8214,5057
1.583801,4.5315456,-1.5793235,934.0,15530464,31,90,8352,5067
1.6160241,4.5342336,-1.5838168,915.0,15584264,30,90,8389,5081
1.6509252,4.543818,-1.5908775,968.0,15628864,33,90,8379,5103
1.685347,4.5513678,-1.5972964,920.0,15681424,30,90,7865,5123
1.7172508,4.5515757,-1.6011478,859.0,15729304,28,90,6728,5135
1.748202,4.5489106,-1.6040362,838.0,15776504,26,90,5732,5144
1.7847037,4.560149,-1.6120598,444.0,15826264,12,90,1731,5169
1.8778123,4.7127786,-1.6717553,151.0,15875864,4,90,1860,5355
1.9757042,4.8714523,-1.7340183,300.0,15923984,9,90,3499,5549
2.059362,4.989696,-1.781839,173.0,15970384,5,90,2281,5698
-24.91384,5.0227222,-8.897452,27.0,2737104,21,91,2774,26942
-22.080553,5.16154,-7.9333344,53.0,2979224,30,91,4046,24038
-19.99064,5.1939244,-7.221866,40.0,3173024,17,91,3066,21895
-2.2975044,5.227349,-1.9620454,131.0,10359496,7,91,4373,6052
-2.1990368,5.088137,-1.903282,509.0,10406656,28,91,9520,5875
-2.1119747,4.9704843,-1.8531506,643.0,10457896,35,91,10037,5724
-2.0719674,4.960726,-1.8445187,643.0,10507056,34,91,9058,5698
-2.028571,4.9419413,-1.8325667,608.0,10552296,33,91,10149,5662
-1.9858369,4.9236865,-1.8209469,670.0,10598976,37,91,10183,5627
-1.9447963,4.9086013,-1.810655,710.0,10648776,39,91,10301,5596
-1.9036733,4.89232,-1.8000312,701.0,10699656,39,91,10471,5564
-1.8604623,4.8695536,-1.7870833,726.0,10746856,39,91,10454,5525
-1.821586,4.857038,-1.7781193,745.0,10798896,40,91,10555,5498
-1.7829338,4.8442297,-1.7691555,748.0,10847056,40,91,10447,5471
-1.7445076,4.8311305,-1.7601916,762.0,10895616,41,91,10764,5444
-1.708519,4.8239655,-1.7535516,776.0,10942616,42,91,10743,5424
-1.6714436,4.812978,-1.7455837,772.0,10994816,42,91,10816,5400
-1.6327394,4.7963614,-1.7356238,794.0,11042696,43,91,10795,5370
-1.5963969,4.7857146,-1.7279879,802.0,11091776,42,91,10688,5347
-1.5625966,4.781974,-1.7230079,900.0,11138176,48,91,10728,5332
-1.5277495,4.7744064,-1.7167,862.0,11186248,46,91,10047,5313
-1.4941852,4.770192,-1.7117201,851.0,11235528,45,91,10505,5298
-1.4610074,4.7666473,-1.7070721,871.0,11284728,46,91,10249,5284
-1.4276578,4.7619724,-1.7020922,844.0,11336928,44,91,10515,5269
-1.3917601,4.7480183,-1.6937922,685.0,11380488,34,91,7469,5244
-1.373282,4.7936387,-1.7074041,65.0,11434448,2,91,840,5285
-1.343333,4.8001585,-1.7067401,35.0,11478968,1,91,924,5283
-1.3138546,4.8083105,-1.7067401,48.0,11530888,2,91,909,5283
-1.2757939,4.7843885,-1.6951202,25.0,11579008,1,91,722,5248
-1.2385529,4.762007,-1.6841644,14.0,11625768,1,91,559,5215
-1.1741211,4.753043,-1.6755325,27.0,11726088,1,91,731,5189
-1.143164,4.7528224,-1.6728765,23.0,11773528,1,91,706,5181
-1.1141955,4.7606654,-1.6732085,30.0,11820568,1,91,620,5182
-1.0845435,4.765573,-1.6725445,18.0,11873008,1,91,716,5180
-1.0583487,4.785951,-1.6775244,31.0,11917888,1,91,824,5195
-1.0279688,4.787744,-1.6758645,23.0,11970528,1,91,874,5190
-0.9966411,4.7847285,-1.6725445,15.0,12020208,1,91,851,5180
-0.966514,4.787056,-1.6712165,21.0,12068168,1,91,704,5176
-0.9349416,4.7817893,-1.6672325,16.0,12115608,1,91,1039,5164
-0.8633204,4.565028,-1.5875534,92.0,12165448,3,91,2627,4924
-0.8310335,4.5470457,-1.5792534,407.0,12212528,17,91,5697,4899
-0.80328244,4.552988,-1.5795854,789.0,12260088,37,91,8307,4900
-0.77453566,4.553182,-1.5779254,864.0,12309128,42,91,9403,4895
-0.7441305,4.5429573,-1.5726135,829.0,12360048,40,91,9183,4879
-0.7144704,4.5362577,-1.5686296,791.0,12409688,37,91,8677,4867
-0.68619734,4.5377584,-1.5676336,863.0,12457168,41,91,7663,4864
-0.65766054,4.537216,-1.5659736,643.0,12507680,28,91,5239,4859
-0.632547,4.560785,-1.5729455,241.0,12554920,9,91,2878,4880
-0.60916376,4.5991755,-1.5852294,32.0,12605160,1,91,1333,4917
-0.6922592,5.4786906,-1.8959781,19.0,12651160,1,91,912,5853
-0.6590823,5.486581,-1.8973061,23.0,12700560,1,91,817,5857
-0.6247602,5.484899,-1.8953141,59.0,12748880,2,91,755,5851
-0.56933105,5.2879434,-1.8242669,81.0,12800320,3,91,814,5637
-0.53716195,5.2941523,-1.8252629,55.0,12849440,2,91,862,5640
-0.50160146,5.2654243,-1.813975,98.0,12900000,4,91,952,5606
-0.4694528,5.270282,-1.814639,86.0,12946640,3,91,849,5608
-0.4372634,5.274943,-1.815303,62.0,12995560,2,91,902,5610
-0.40525314,5.282229,-1.816963,90.0,13043000,4,91,927,5615
-0.37377387,5.2977886,-1.8216109,115.0,13091720,5,91,1030,5629
-0.34095356,5.295276,-1.8199509,158.0,13140480,7,91,928,5624
-0.30595586,5.2548943,-1.805011,339.0,13187720,15,91,1570,5579
-0.2762454,5.3047132,-1.8219429,688.0,13239200,35,91,2256,5630
-0.24391106,5.3110194,-1.8236029,702.0,13286080,36,91,2971,5635
-0.21139508,5.314301,-1.8242669,633.0,13339360,32,91,2946,5637
-0.1797237,5.3428373,-1.8338947,136.0,13383560,6,91,1302,5666
-0.1466708,5.33441,-1.8305748,25.0,13434560,1,91,978,5656
-0.11297714,5.2918296,-1.815303,30.0,13480840,1,91,975,5610
-0.07868105,5.178301,-1.7751313,57.0,13531000,2,91,1186,5489
-0.04587534,5.073987,-1.7382798,65.0,13583200,2,91,1172,5378
-0.014314269,4.9590936,-1.6977762,50.0,13630520,2,91,1043,5256
0.01573667,4.8034472,-1.6429968,62.0,13679280,2,91,1004,5091
0.042713907,4.511797,-1.5404098,496.0,13725520,20,91,5283,4782
0.07067426,4.5303135,-1.5470498,802.0,13773120,38,91,6976,4802
0.098666936,4.5392256,-1.5503697,799.0,13826112,37,91,6352,4812
0.12626286,4.529105,-1.5470498,804.0,13872512,38,91,7299,4802
0.15395688,4.525417,-1.5460538,741.0,13920232,34,91,5497,4799
0.22176334,5.544231,-1.905274,85.0,13970392,3,91,598,5881
0.25646257,5.5578427,-1.910586,152.0,14018952,6,91,435,5897
0.28949144,5.53544,-1.903282,107.0,14067032,4,91,439,5875
0.32361388,5.5363846,-1.904278,96.0,14115032,4,91,414,5878
0.33893883,5.2424726,-1.801359,28.0,14164312,1,91,485,5568
0.3717587,5.249704,-1.804679,28.0,14217272,1,91,662,5578
0.40353322,5.2416806,-1.802687,15.0,14266512,1,91,522,5572
0.5004809,5.2389994,-1.804679,6.0,14412872,1,91,444,5578
0.53545946,5.263985,-1.814639,14.0,14456872,1,91,478,5608
0.5701604,5.2831106,-1.8226069,22.0,14510232,1,91,504,5632
0.63774925,5.299131,-1.8309067,15.0,14608632,1,91,514,5657
0.6741375,5.326003,-1.8418627,10.0,14657512,1,91,550,5690
0.70791584,5.3301826,-1.8448507,26.0,14703392,1,91,674,5699
0.74086636,5.3276076,-1.8455147,36.0,14749992,1,91,741,5701
0.76908875,5.2921534,-1.8345587,39.0,14799912,1,91,755,5668
0.7994362,5.2733436,-1.8295788,34.0,14850592,1,91,692,5653
0.8251901,5.2264056,-1.814639,17.0,14897792,1,91,526,5608
0.848421,5.1672497,-1.7953832,13.0,14949352,1,91,645,5550
0.8711151,5.1089377,-1.7764593,18.0,14998432,1,91,692,5493
0.8901456,4.695315,-1.6343648,16.0,15145424,1,91,623,5065
0.93205065,4.6063623,-1.6064771,16.0,15242224,1,91,985,4981
1.0065179,4.54237,-1.5898774,19.0,15385864,1,91,1335,4931
1.0180756,4.4643598,-1.5639817,143.0,15435224,5,91,2747,4853
1.0454493,4.458029,-1.5639817,453.0,15487104,19,91,5168,4853
1.0771871,4.469875,-1.5706215,770.0,15530464,36,91,7124,4873
1.1050451,4.465013,-1.5712855,835.0,15584264,40,91,8476,4875
1.1331153,4.4608917,-1.5722815,830.0,15628864,40,91,9142,4878
1.1621248,4.460246,-1.5746055,812.0,15681424,39,91,9227,4885
1.1909261,4.458501,-1.5765975,821.0,15729304,39,91,8509,4891
1.2207427,4.46021,-1.5799174,902.0,15776504,43,91,4952,4901
1.2511325,4.4635377,-1.5839014,909.0,15826264,42,91,2535,4913
1.2818683,4.467567,-1.5882174,967.0,15875864,46,91,2512,4926
1.3127007,4.4713864,-1.5925333,934.0,15923984,45,91,4944,4939
1.3425461,4.4713807,-1.5955213,936.0,15970384,47,91,9212,4948
1.3718888,4.4693727,-1.5978453,842.0,16023104,41,91,10063,4955
1.4035096,4.4743752,-1.6028252,816.0,16067624,39,91,9738,4970
1.4352434,4.4791574,-1.6078051,839.0,16120224,41,91,9909,4985
1.4659182,4.4801307,-1.6114571,891.0,16170544,46,91,9556,4996
1.4942743,4.473737,-1.6124531,811.0,16218784,40,91,9643,4999
1.5259461,4.4769874,-1.6171011,841.0,16266064,42,91,9562,5013
1.5598772,4.4862556,-1.624073,848.0,16315944,43,91,9345,5034
1.5924067,4.490829,-1.6293849,887.0,16362864,45,91,9741,5050
1.6218516,4.4862976,-1.6313769,816.0,16409936,41,91,10026,5056
1.6552052,4.492199,-1.6373528,794.0,16458576,39,91,8898,5074
1.6886921,4.497859,-1.6433288,785.0,16509576,39,91,8839,5092
1.7216381,4.501514,-1.6486408,854.0,16559096,43,91,9419,5108
1.7546923,4.5049334,-1.6539527,852.0,16606656,42,91,7621,5124
1.784383,4.499345,-1.6559446,915.0,16657136,46,91,7942,5130
1.826757,4.5250607,-1.6698885,747.0,16704096,36,91,8752,5172
1.9467856,4.7389517,-1.7555436,195.0,16754336,8,91,2901,5430
20.58677,7.7349825,-7.692637,73.0,23296456,36,91,4779,23313
24.914389,8.328916,-9.198241,27.0,23587336,27,91,4388,27848
-16.11425,5.2571435,-6.1548567,61.0,1269592,12,92,3397,18048
-2.1663127,5.0806575,-1.9732053,374.0,8061432,9,92,6871,5880
-2.090524,4.9872923,-1.9309351,811.0,8108952,22,92,8171,5757
-2.0445292,4.9626775,-1.9161578,798.0,8157512,20,92,7776,5714
-1.9971573,4.933334,-1.8996621,802.0,8207912,20,92,8456,5666
-1.9526478,4.909707,-1.8855721,875.0,8257992,23,92,8532,5625
-1.9129372,4.897096,-1.8759496,888.0,8305032,23,92,8872,5597
-1.8741264,4.8859377,-1.8670145,935.0,8355592,25,92,8810,5571
-1.8338737,4.870093,-1.856361,904.0,8403072,23,92,9015,5540
-1.7945361,4.8557014,-1.8463949,930.0,8453392,24,92,8837,5511
-1.7548057,4.8392453,-1.8357414,924.0,8499792,24,92,8990,5480
-1.7159731,4.824255,-1.8257753,907.0,8548832,23,92,9071,5451
-1.6770823,4.808085,-1.8154656,941.0,8598224,24,92,9107,5421
-1.6396674,4.7951756,-1.8065304,939.0,8649704,24,92,9112,5395
-1.6030698,4.78377,-1.7982825,956.0,8698184,25,92,9318,5371
-1.5669663,4.7729893,-1.7903783,867.0,8748264,21,92,9081,5348
-1.5330627,4.768206,-1.7848798,945.0,8794824,24,92,8829,5332
-1.4992771,4.763187,-1.7793813,964.0,8843824,24,92,8446,5316
-1.4678167,4.7651153,-1.776632,948.0,8891424,24,92,8421,5308
-1.4358487,4.765038,-1.7731954,928.0,8940304,23,92,8541,5298
-1.4034077,4.762946,-1.7690715,925.0,8989784,23,92,8684,5286
-1.3715649,4.762441,-1.7656349,865.0,9036264,21,92,8325,5276
-1.3456142,4.782522,-1.7701025,323.0,9087424,6,92,1542,5289
-1.3246778,4.8214836,-1.7817869,55.0,9134864,1,92,738,5323
-1.2807616,4.775994,-1.761511,23.0,9188104,1,92,799,5264
-1.2516694,4.784671,-1.7618546,36.0,9232544,1,92,782,5265
-1.2132653,4.756765,-1.7484518,15.0,9283864,1,92,683,5226
-1.1833782,4.7613854,-1.7474209,20.0,9330304,1,92,609,5223
-1.1514987,4.7576017,-1.743297,16.0,9380664,1,92,652,5211
-1.1214267,4.7609205,-1.7419224,35.0,9432184,1,92,778,5207
-1.0911485,4.763134,-1.7402041,16.0,9479664,1,92,785,5202
-1.060072,4.7614884,-1.7371111,14.0,9527624,1,92,686,5193
-1.0322199,4.7743297,-1.7395167,14.0,9574944,1,92,784,5200
-0.9982965,4.758511,-1.7312689,13.0,9622744,1,92,810,5176
-0.9703849,4.77099,-1.7336745,17.0,9674744,1,92,832,5183
-0.94127315,4.777776,-1.7340182,12.0,9720864,1,92,822,5184
-0.9098384,4.77239,-1.7298943,16.0,9769144,1,92,907,5172
-0.8769803,4.7584853,-1.7226775,26.0,9819384,1,92,867,5151
-0.84629244,4.7554545,-1.7195845,14.0,9868096,1,92,799,5142
-0.81788796,4.7651863,-1.7213027,19.0,9916256,1,92,762,5147
-0.7860431,4.754362,-1.7154605,14.0,9964056,1,92,779,5130
-0.6470937,4.6141024,-1.6570385,28.0,10160296,1,92,1315,4960
-0.601423,4.4876623,-1.608926,228.0,10212976,4,92,3567,4820
-0.5725758,4.4810205,-1.6051458,646.0,10261936,13,92,6218,4809
-0.54304546,4.467667,-1.5989599,941.0,10306176,21,92,7976,4791
-0.5148749,4.464384,-1.5965543,1020.0,10359496,24,92,8500,4784
-0.48656303,4.4590564,-1.5934614,982.0,10406656,22,92,8105,4775
-0.45890772,4.459155,-1.5924304,964.0,10457896,22,92,7861,4772
-0.43144867,4.4609523,-1.5920867,988.0,10507056,22,92,7336,4771
-0.40364954,4.458839,-1.5903684,909.0,10552296,20,92,6640,4766
-0.37573645,4.454681,-1.5879629,856.0,10598976,18,92,5113,4759
-0.34854063,4.458775,-1.5886501,650.0,10648776,13,92,3300,4761
-0.32110897,4.4598927,-1.5883064,275.0,10699656,5,92,1975,4760
-0.29361585,4.459905,-1.5876192,53.0,10746856,1,92,980,4758
-0.26255375,4.398812,-1.5645939,8.0,10798896,1,92,739,4691
-0.28119555,5.2678022,-1.8824792,54.0,10847056,1,92,661,5616
-0.25056735,5.306014,-1.8958819,154.0,10895616,3,92,703,5655
-0.21694641,5.281178,-1.8862594,744.0,10942616,17,92,764,5627
-0.18489037,5.2927337,-1.8900397,854.0,10994816,21,92,804,5638
-0.15249021,5.296585,-1.8910706,852.0,11042696,21,92,762,5641
-0.12021413,5.3077483,-1.894851,410.0,11091776,8,92,637,5652
-0.08584018,5.193831,-1.8529245,50.0,11138176,1,92,568,5530
-0.053915672,5.1886253,-1.8508625,30.0,11186248,1,92,627,5524
-0.02190819,5.140026,-1.8329922,95.0,11235528,1,92,635,5472
0.009445866,5.070571,-1.8075614,64.0,11284728,1,92,574,5398
0.039888933,4.994354,-1.779725,57.0,11336928,1,92,588,5317
0.07014031,4.9677234,-1.7701025,56.0,11380488,1,92,654,5289
0.092508644,4.5822563,-1.629202,86.0,11434448,1,92,1302,4879
0.11666359,4.4360967,-1.5759348,627.0,11478968,12,92,5741,4724
0.1440999,4.4418674,-1.5783403,856.0,11530888,18,92,6415,4731
0.17131491,4.439961,-1.5779967,780.0,11579008,16,92,5892,4730
0.19851196,4.437888,-1.577653,853.0,11625768,18,92,6357,4729
0.2259329,4.440338,-1.5790277,519.0,11675568,10,92,2297,4733
0.31733665,5.546081,-1.9848897,136.0,11726088,2,92,466,5914
0.3516612,5.548715,-1.986608,79.0,11773528,1,92,472,5919
0.38412094,5.52397,-1.9783602,127.0,11820568,2,92,391,5895
0.39760885,5.254646,-1.8804172,40.0,11873008,1,92,373,5610
0.43216288,5.2801847,-1.890727,44.0,11917888,1,92,352,5640
0.4624768,5.2540483,-1.8821355,16.0,11970528,1,92,328,5615
0.49506152,5.254851,-1.8835101,10.0,12020208,1,92,307,5619
0.52814615,5.2601233,-1.8866031,11.0,12068168,1,92,319,5628
0.56412154,5.291332,-1.8993185,21.0,12115608,1,92,359,5665
0.5970019,5.291503,-1.9006932,22.0,12165448,1,92,377,5669
0.6324751,5.312916,-1.909972,29.0,12212528,1,92,354,5696
0.66658926,5.3210473,-1.9144396,26.0,12260088,1,92,340,5709
0.70131963,5.3326836,-1.9202818,35.0,12309128,1,92,339,5726
0.735058,5.335722,-1.923031,24.0,12360048,1,92,358,5734
0.7679181,5.332041,-1.9233747,19.0,12409688,1,92,343,5735
0.69944674,4.4715314,-1.6082387,10.0,12507680,1,92,463,4818
0.7312682,4.494032,-1.6182048,10.0,12554920,1,92,500,4847
0.74026394,4.3802133,-1.577653,31.0,12605160,1,92,1059,4729
0.77169085,4.401484,-1.5872755,169.0,12651160,3,92,1946,4757
0.8000328,4.404057,-1.5900247,405.0,12700560,7,92,3431,4765
0.8263431,4.395374,-1.5886501,663.0,12748880,13,92,4867,4761
0.8541971,4.3948293,-1.5903684,819.0,12800320,17,92,6359,4766
0.8820755,4.3941083,-1.5920867,755.0,12849440,16,92,7103,4771
0.9116989,4.4014845,-1.596898,845.0,12900000,18,92,7395,4785
0.9402642,4.4031534,-1.5996473,795.0,12946640,17,92,7450,4793
0.96908695,4.4055543,-1.6027402,810.0,12995560,18,92,7494,4802
0.997558,4.405935,-1.6051458,824.0,13043000,18,92,7753,4809
1.0243597,4.3988166,-1.6048021,811.0,13091720,18,92,7854,4808
1.0530864,4.3997536,-1.6075515,793.0,13140480,18,92,8123,4816
1.0836632,4.407797,-1.61305,872.0,13187720,20,92,8107,4832
1.1141477,4.4147196,-1.6182048,831.0,13239200,19,92,8367,4847
1.1433406,4.4159803,-1.6212978,876.0,13286080,20,92,8166,4856
1.1718655,4.4143267,-1.6233598,875.0,13339360,20,92,7934,4862
1.2001659,4.411583,-1.6250781,841.0,13383560,19,92,6955,4867
1.2289823,4.4104667,-1.6274837,877.0,13434560,19,92,4466,4874
1.2580887,4.410065,-1.6302329,880.0,13480840,19,92,4562,4882
1.2890841,4.4157815,-1.6353879,874.0,13531000,20,92,6904,4897
1.3196577,4.419483,-1.6398554,813.0,13583200,18,92,7325,4910
1.3489503,4.418486,-1.6426047,742.0,13630520,16,92,6232,4918
1.3816463,4.4280505,-1.6494778,551.0,13679280,11,92,5075,4938
1.423376,4.4651084,-1.6670046,310.0,13725520,6,92,3641,4989
1.4463743,4.4428997,-1.6618496,193.0,13773120,3,92,2996,4974
1.4715296,4.4277053,-1.659444,343.0,13826112,6,92,3452,4967
1.5116735,4.456823,-1.6742214,563.0,13872512,12,92,4384,5010
1.5420702,4.456335,-1.677658,724.0,13920232,16,92,5730,5020
1.5734575,4.458298,-1.6821256,822.0,13970392,19,92,6795,5033
1.607158,4.466227,-1.6889988,826.0,14018952,19,92,7558,5053
1.639394,4.469502,-1.6941537,862.0,14067032,20,92,7979,5068
1.6717306,4.4725494,-1.6993085,809.0,14115032,19,92,8294,5083
1.7071805,4.483264,-1.7075564,791.0,14164312,18,92,6744,5107
1.7390811,4.4840827,-1.712024,851.0,14217272,20,92,7815,5120
1.7720929,4.487298,-1.7175225,794.0,14266512,18,92,7773,5136
1.8048584,4.4894056,-1.7226775,828.0,14311432,19,92,7779,5151
1.8380727,4.4921484,-1.728176,800.0,14363272,18,92,7695,5167
1.872835,4.498119,-1.7350491,756.0,14412872,18,92,7388,5187
1.9121436,4.514204,-1.7460463,363.0,14456872,7,92,2423,5219
20.710733,7.784725,-8.048765,79.0,20905232,23,92,3163,23559
22.670681,8.204966,-8.774918,46.0,21000352,18,92,2521,25672
23.625109,8.386632,-9.126139,44.0,21049592,21,92,3476,26694
24.200308,8.423884,-9.329241,48.0,21101072,23,92,3410,27285
-24.591541,5.0684857,-9.514371,28.0,1174672,19,93,3458,26866
-15.72918,5.3165827,-6.2751193,62.0,2152704,13,93,1674,17765
-2.1377194,4.9949203,-2.020776,585.0,8843824,16,93,8548,5812
-2.0907319,4.969177,-2.0047596,829.0,8891424,24,93,9013,5767
-2.0459259,4.947365,-1.9905226,854.0,8940304,24,93,9608,5727
-2.0028734,4.9286547,-1.9777094,905.0,8989784,26,93,9832,5691
-1.9615129,4.9130754,-1.9663199,882.0,9036264,25,93,9949,5659
-1.917692,4.890215,-1.952083,905.0,9087424,26,93,10029,5619
-1.8762395,4.8722353,-1.9399816,904.0,9134864,26,93,10016,5585
-1.8367316,4.858304,-1.9296598,936.0,9188104,26,93,9772,5556
-1.7977904,4.844948,-1.9196941,897.0,9232544,25,93,10129,5528
-1.7609997,4.8365674,-1.9118637,952.0,9283864,27,93,10100,5506
-1.7221811,4.8217573,-1.901542,975.0,9330304,28,93,10324,5477
-1.6845369,4.8093,-1.892288,1000.0,9380664,29,93,10035,5451
-1.648627,4.800983,-1.8848137,923.0,9432184,26,93,10320,5430
-1.6140745,4.79595,-1.878763,978.0,9479664,28,93,10235,5413
-1.5778913,4.785349,-1.8705767,968.0,9527624,27,93,9907,5390
-1.5413254,4.7727065,-1.8616786,1020.0,9574944,28,93,9402,5365
-1.5083523,4.7704897,-1.8570516,1032.0,9622744,28,93,9697,5352
-1.4749124,4.7662625,-1.8517128,1022.0,9674744,28,93,9744,5337
-1.4415815,4.761805,-1.8463739,1014.0,9720864,28,93,9572,5322
-1.4099511,4.7624955,-1.8431706,987.0,9769144,27,93,9472,5313
-1.3799238,4.768364,-1.8421029,683.0,9819384,16,93,3821,5310
-1.3668971,4.834298,-1.864882,83.0,9868096,1,93,643,5374
-1.3295052,4.814667,-1.8538483,53.0,9916256,1,93,768,5343
-1.292163,4.7938585,-1.8424588,34.0,9964056,1,93,698,5311
-1.2591627,4.788139,-1.8371199,38.0,10013016,1,93,588,5296
-1.2197888,4.7568474,-1.8218153,17.0,10066416,1,93,569,5253
-1.1880889,4.7542686,-1.8179002,10.0,10115016,1,93,651,5242
-1.1586741,4.760561,-1.8175442,22.0,10160296,1,93,634,5241
-1.1283662,4.763034,-1.8157647,12.0,10212976,1,93,654,5236
-1.0991195,4.769868,-1.8157647,27.0,10261936,1,93,604,5236
-1.0681995,4.769226,-1.8129172,16.0,10306176,1,93,669,5228
-1.037924,4.771125,-1.8111377,18.0,10359496,1,93,697,5223
-1.0065087,4.767345,-1.8072225,13.0,10406656,1,93,704,5212
-0.9753661,4.764275,-1.8036633,21.0,10457896,1,93,742,5202
-0.9428467,4.7536697,-1.7972566,18.0,10507056,1,93,749,5184
-0.8829082,4.756612,-1.7940533,16.0,10598976,1,93,710,5175
-0.8489307,4.735263,-1.7837316,34.0,10648776,1,93,792,5146
-0.8189057,4.734857,-1.7815961,36.0,10699656,1,93,816,5140
-0.7930581,4.7591515,-1.7890704,26.0,10746856,1,93,816,5161
-0.76147854,4.7491636,-1.7833756,9.0,10798896,1,93,769,5145
-0.7348803,4.770373,-1.7897823,18.0,10847056,1,93,811,5163
-0.705596,4.774792,-1.7897823,13.0,10895616,1,93,809,5163
-0.6056567,4.694284,-1.75419,14.0,11042696,1,93,675,5063
-0.4693232,4.5060287,-1.6769547,18.0,11235528,1,93,687,4846
-0.4417567,4.5097537,-1.6773107,20.0,11284728,1,93,985,4847
-0.40726754,4.437929,-1.648837,194.0,11336928,3,93,3301,4767
-0.37867934,4.4245152,-1.6427863,398.0,11380488,7,93,5228,4750
-0.35063958,4.415576,-1.6385151,765.0,11434448,16,93,7761,4738
-0.32258788,4.404596,-1.6335323,1058.0,11478968,25,93,9181,4724
-0.29536894,4.403695,-1.6324645,1071.0,11530888,25,93,9862,4721
-0.26783404,4.397029,-1.6292611,1093.0,11579008,26,93,9871,4712
-0.24039207,4.3901916,-1.6260579,1055.0,11625768,25,93,9594,4703
-0.21326952,4.3878503,-1.6246341,1081.0,11675568,26,93,8966,4699
-0.1862241,4.3862753,-1.6235664,1008.0,11726088,23,93,8805,4696
-0.15917242,4.3835998,-1.6221427,1062.0,11773528,25,93,8504,4692
-0.13238373,4.3882303,-1.6235664,1055.0,11820568,25,93,8413,4696
-0.10538909,4.386157,-1.6224986,1028.0,11873008,24,93,8107,4693
-0.0782606,4.374574,-1.6178716,1030.0,11917888,24,93,7854,4680
-0.051385164,4.372169,-1.6168039,1022.0,11970528,23,93,7667,4677
-0.024586828,4.378009,-1.6189394,1029.0,12020208,24,93,7490,4683
0.002277367,4.3790116,-1.6192954,966.0,12068168,21,93,6834,4684
0.029133419,4.3770466,-1.6185834,927.0,12115608,20,93,6406,4682
0.05598992,4.3767853,-1.6185834,900.0,12165448,19,93,6010,4682
0.082898244,4.3791623,-1.6196513,886.0,12212528,19,93,5652,4685
0.10988526,4.383242,-1.6214309,927.0,12260088,20,93,6997,4690
0.13671938,4.3806176,-1.6207191,1002.0,12309128,23,93,7497,4688
0.16359577,4.379696,-1.6207191,901.0,12360048,20,93,7003,4688
0.1900979,4.3702073,-1.6175157,934.0,12409688,21,93,6901,4679
0.21676952,4.3661585,-1.6164479,854.0,12457168,18,93,5704,4676
0.24339862,4.361947,-1.6153802,813.0,12507680,17,93,5423,4673
0.2703327,4.3631697,-1.6164479,832.0,12554920,17,93,5584,4676
0.2971633,4.362361,-1.6168039,824.0,12605160,17,93,5753,4677
0.32385513,4.359524,-1.6164479,865.0,12651160,18,93,6243,4676
0.3512757,4.365838,-1.6196513,873.0,12700560,19,93,6459,4685
0.37805736,4.3636003,-1.6196513,890.0,12748880,19,93,6839,4685
0.40499812,4.3630595,-1.6203631,975.0,12800320,22,93,7293,4687
0.4324083,4.367002,-1.6228546,992.0,12849440,22,93,7470,4694
0.45919558,4.3642664,-1.6228546,983.0,12900000,22,93,7975,4694
0.48565426,4.3585806,-1.6217868,1008.0,12946640,23,93,8248,4691
0.51271725,4.3583026,-1.6228546,959.0,12995560,22,93,8389,4694
0.53979516,4.3578568,-1.6239223,1040.0,13043000,24,93,8280,4697
0.5662826,4.3526096,-1.6232104,995.0,13091720,23,93,8597,4695
0.59259945,4.3462753,-1.6221427,1017.0,13140480,23,93,8616,4692
0.62018204,4.349033,-1.6246341,1060.0,13187720,25,93,8499,4699
0.6480965,4.353464,-1.6278375,1070.0,13239200,25,93,9005,4708
0.67508376,4.3512526,-1.6285493,1035.0,13286080,24,93,8992,4710
0.70206827,4.3488736,-1.6292611,1056.0,13339360,25,93,9463,4712
0.72951365,4.3490915,-1.6310408,1081.0,13383560,26,93,9504,4717
0.75827235,4.3565016,-1.6356678,1014.0,13434560,23,93,9609,4730
0.7863185,4.359124,-1.6385151,1046.0,13480840,24,93,9671,4738
0.8147689,4.3634033,-1.6420743,1069.0,13531000,25,93,9679,4748
0.84330136,4.367497,-1.6456336,1006.0,13583200,23,93,9609,4758
0.8720978,4.3723207,-1.6495488,997.0,13630520,23,93,9340,4769
0.90060765,4.3751245,-1.652752,1009.0,13679280,23,93,8513,4778
0.92801887,4.3722587,-1.6538198,910.0,13725520,20,93,7363,4781
0.95782775,4.380175,-1.6591587,692.0,13773120,15,93,6011,4796
0.985508,4.3778625,-1.6605823,458.0,13826112,9,93,4593,4800
1.0182623,4.397223,-1.6705482,326.0,13872512,6,93,3612,4828
1.0441406,4.386347,-1.6687685,335.0,13920232,6,93,3320,4823
1.0748134,4.3952885,-1.6748192,576.0,13970392,12,93,4133,4840
1.103129,4.3940487,-1.6769547,765.0,14018952,17,93,5497,4846
1.13147,4.392627,-1.6790904,895.0,14067032,20,93,6852,4852
1.162702,4.401864,-1.6854969,1026.0,14115032,25,93,8376,4870
1.1918895,4.402765,-1.6887002,1008.0,14164312,24,93,8859,4879
1.2223818,4.4079747,-1.6936831,1056.0,14217272,26,93,9229,4893
1.2534939,4.414774,-1.6993779,1008.0,14266512,24,93,9409,4909
1.2823861,4.413281,-1.7018694,1023.0,14311432,25,93,9330,4916
1.31184,4.4133906,-1.7050726,957.0,14363272,23,93,9448,4925
1.3429756,4.4186687,-1.7104115,998.0,14412872,24,93,9188,4940
1.3758903,4.429085,-1.7178859,942.0,14456872,22,93,8982,4961
1.4087,4.438372,-1.7250043,946.0,14510232,22,93,8988,4981
1.4410986,4.445645,-1.731411,1009.0,14557272,26,93,8948,4999
1.4733453,4.4518,-1.7374617,998.0,14608632,25,93,8983,5016
1.5027285,4.4488726,-1.7399532,969.0,14657512,24,93,8934,5023
1.5333501,4.449286,-1.7438682,979.0,14703392,25,93,9050,5034
1.5655841,4.4538984,-1.749563,1004.0,14749992,26,93,8999,5050
1.5995098,4.462681,-1.7570374,905.0,14799912,22,93,9119,5071
1.6307137,4.4633145,-1.7613084,953.0,14850592,24,93,8948,5083
1.6629642,4.4663596,-1.7666473,947.0,14897792,24,93,8883,5098
1.6986305,4.477914,-1.7755454,959.0,14949352,24,93,7375,5123
1.7314672,4.481353,-1.7812401,894.0,14998432,22,93,8536,5139
1.7647524,4.4854264,-1.7872908,944.0,15046072,24,93,8617,5156
1.8016297,4.497934,-1.7969007,886.0,15094104,23,93,8317,5183
1.8387265,4.5101566,-1.8065107,884.0,15145424,23,93,8067,5210
1.8742492,4.5177774,-1.814341,809.0,15193464,20,93,7778,5232
1.9255702,4.5621486,-1.8374759,283.0,15242224,6,93,2008,5297
-24.056353,5.1969547,-9.670581,45.0,2054304,30,94,3530,26459
-21.664171,5.239914,-8.7534,67.0,2246904,30,94,3206,23962
-2.1911798,5.00169,-2.1076052,178.0,9574944,6,94,5102,5869
-2.1475618,4.9851465,-2.0947492,602.0,9622744,22,94,8746,5834
-2.0944297,4.945136,-2.0719757,727.0,9674744,28,94,9329,5772
-2.0568936,4.940723,-2.0646296,736.0,9720864,27,94,9516,5752
-2.014557,4.9239855,-2.052141,750.0,9769144,28,94,9519,5718
-1.9700736,4.900875,-2.037081,792.0,9819384,30,94,9504,5677
-1.9297104,4.886921,-2.0260615,763.0,9868096,28,94,9532,5647
-1.88892,4.8709226,-2.0143075,805.0,9916256,30,94,9642,5615
-1.8497237,4.858085,-2.0040228,784.0,9964056,29,94,9790,5587
-1.8101047,4.8432093,-1.9930035,777.0,10013016,28,94,9922,5557
-1.7729818,4.8341427,-1.9845552,837.0,10066416,30,94,9872,5534
-1.7385596,4.8318043,-1.9790455,842.0,10115016,30,94,9580,5519
-1.7036135,4.8274717,-1.9728012,846.0,10160296,31,94,9954,5502
-1.6654383,4.8132253,-1.9625164,887.0,10212976,33,94,9713,5474
-1.6272032,4.797812,-1.9518644,877.0,10261936,32,94,9887,5445
-1.5898075,4.7838774,-1.941947,892.0,10306176,33,94,9584,5418
-1.5563903,4.7811613,-1.9368045,906.0,10359496,33,94,9112,5404
-1.5247626,4.7835326,-1.933866,930.0,10406656,35,94,9312,5396
-1.4909464,4.778593,-1.927989,967.0,10457896,36,94,9281,5380
-1.4575201,4.774309,-1.9224794,906.0,10507056,32,94,9373,5365
-1.4255345,4.774251,-1.9188062,851.0,10552296,29,94,8464,5355
-1.4022137,4.8034415,-1.9272544,236.0,10598976,6,94,1141,5378
-1.376545,4.8253703,-1.932764,54.0,10648776,1,94,761,5393
-1.3379145,4.8014736,-1.9195409,35.0,10699656,1,94,701,5357
-1.3020735,4.7862597,-1.9099907,40.0,10746856,1,94,620,5331
-1.2643198,4.7626977,-1.8971348,22.0,10798896,1,94,639,5296
-1.1952981,4.7363734,-1.8802383,9.0,10895616,1,94,623,5250
-1.1677699,4.7499404,-1.8828095,21.0,10942616,1,94,657,5257
-1.1379526,4.7543025,-1.8817075,18.0,10994816,1,94,625,5254
-1.1077032,4.7566667,-1.879871,15.0,11042696,1,94,612,5249
-1.0768508,4.7561173,-1.8769325,19.0,11091776,1,94,678,5241
-1.0470474,4.75991,-1.8758305,27.0,11138176,1,94,717,5238
-1.0139314,4.7480545,-1.8684844,19.0,11186248,1,94,671,5218
-0.9815672,4.738704,-1.86224,12.0,11235528,1,94,651,5201
-0.95118934,4.738255,-1.8596689,14.0,11284728,1,94,719,5194
-0.91872126,4.726656,-1.8526899,13.0,11336928,1,94,727,5175
-0.8893575,4.730376,-1.8519553,22.0,11380488,1,94,717,5173
-0.8536554,4.699141,-1.8372627,19.0,11434448,1,94,766,5133
-0.82625395,4.7125354,-1.8405685,14.0,11478968,1,94,767,5142
-0.79918605,4.728521,-1.8449763,16.0,11530888,1,94,839,5154
-0.7399476,4.730621,-1.8420378,18.0,11625768,1,94,749,5146
-0.70717144,4.710239,-1.8321203,19.0,11675568,1,94,692,5119
-0.53009903,4.4591117,-1.7244977,48.0,11917888,1,94,836,4826
-0.5033549,4.467826,-1.7267015,49.0,11970528,1,94,648,4832
-0.47415406,4.454183,-1.7200899,9.0,12020208,1,94,506,4814
-0.44253385,4.4144387,-1.7031934,251.0,12068168,6,94,3234,4768
-0.41709933,4.4346647,-1.7101724,946.0,12115608,29,94,9324,4787
-0.3889005,4.4260225,-1.7057647,974.0,12165448,30,94,9401,4775
-0.36036736,4.4116397,-1.6991531,948.0,12212528,29,94,9593,4757
-0.33329126,4.413768,-1.6991531,966.0,12260088,30,94,9446,4757
-0.3056209,4.407379,-1.6958472,997.0,12309128,31,94,9341,4748
-0.2781005,4.4017453,-1.6929086,972.0,12360048,30,94,9046,4740
-0.25055423,4.394083,-1.6892356,921.0,12409688,28,94,8408,4730
-0.22316006,4.387178,-1.6859298,858.0,12457168,25,94,7092,4721
-0.19586006,4.380102,-1.682624,726.0,12507680,20,94,5736,4712
-0.16952267,4.3951626,-1.6881336,458.0,12554920,12,94,4807,4727
-0.14239909,4.391472,-1.686297,272.0,12605160,7,94,4255,4722
-0.115055114,4.3773866,-1.68042,268.0,12651160,6,94,4561,4706
-0.0879084,4.364062,-1.6749103,327.0,12700560,8,94,6702,4691
-0.061195977,4.369169,-1.676747,523.0,12748880,16,94,17836,4696
-0.03414245,4.3397,-1.6649929,706.0,12800320,20,94,7963,4664
-0.0075234426,4.3444786,-1.6668295,786.0,12849440,23,94,7749,4669
0.019168114,4.3528137,-1.6701353,867.0,12900000,26,94,8221,4678
0.045885623,4.353544,-1.6705027,946.0,12946640,29,94,8496,4679
0.07249111,4.3466706,-1.6679314,947.0,12995560,29,94,8881,4672
0.09899306,4.338705,-1.6649929,969.0,13043000,30,94,8979,4664
0.12558638,4.3370867,-1.6646256,1067.0,13091720,34,94,9138,4663
0.15248683,4.3446,-1.6679314,1250.0,13140480,43,94,9312,4672
0.17781083,4.3110566,-1.6550754,1994.0,13187720,101,94,8920,4637
0.20504682,4.3266077,-1.6616871,1158.0,13239200,39,94,9261,4655
0.232332,4.3391995,-1.6671968,1006.0,13286080,32,94,9173,4670
0.25878707,4.334907,-1.6660949,1038.0,13339360,33,94,9147,4667
0.28544152,4.3341656,-1.6664622,1010.0,13383560,32,94,8983,4668
0.311764,4.328622,-1.6649929,1079.0,13434560,35,94,9004,4664
0.33853468,4.329409,-1.6660949,997.0,13480840,31,94,8757,4667
0.36594996,4.3374457,-1.6701353,937.0,13531000,29,94,8521,4678
0.3928079,4.3378973,-1.6712372,857.0,13583200,25,94,8024,4681
0.41932806,4.33448,-1.67087,875.0,13630520,26,94,7386,4680
0.44620088,4.334601,-1.6719718,766.0,13679280,22,94,6693,4683
0.47379532,4.3410277,-1.675645,720.0,13725520,20,94,6009,4693
0.50191057,4.350975,-1.6807873,580.0,13773120,15,94,5259,4707
0.5280384,4.343197,-1.6789508,425.0,13826112,11,94,4546,4702
0.555854,4.3491015,-1.682624,274.0,13872512,7,94,3738,4712
0.58363867,4.353906,-1.6859298,289.0,13920232,7,94,3599,4721
0.61124533,4.356691,-1.688501,249.0,13970392,6,94,3560,4728
0.6376968,4.3510175,-1.6877663,414.0,14018952,10,94,3834,4726
0.6669063,4.363573,-1.6943779,605.0,14067032,16,94,4786,4744
0.6942516,4.3630733,-1.6958472,716.0,14115032,20,94,5628,4748
0.7201008,4.353225,-1.6936433,822.0,14164312,24,94,6862,4742
0.7493123,4.3633924,-1.6995203,952.0,14217272,29,94,8113,4758
0.77672243,4.3623757,-1.7009896,956.0,14266512,29,94,8741,4762
0.8038116,4.359357,-1.7017242,945.0,14311432,29,94,8888,4764
0.83228475,4.3634796,-1.7053974,990.0,14363272,31,94,9098,4774
0.8603,4.364679,-1.7079686,939.0,14412872,29,94,8973,4781
0.88873154,4.3675213,-1.7112744,958.0,14456872,30,94,9079,4790
0.91780263,4.37291,-1.7156821,923.0,14510232,30,94,8927,4802
0.9471696,4.379015,-1.7204572,947.0,14557272,31,94,9169,4815
0.9768478,4.3858314,-1.7255995,960.0,14608632,31,94,8849,4829
1.0064378,4.3915415,-1.7303746,906.0,14657512,29,94,8859,4842
1.03443,4.3898106,-1.7322112,874.0,14703392,28,94,8851,4847
1.0641878,4.395133,-1.7369863,920.0,14749992,29,94,8910,4860
1.0942738,4.4011583,-1.7421286,924.0,14799912,30,94,9013,4874
1.1237847,4.4042754,-1.7461691,906.0,14850592,29,94,8935,4885
1.1536101,4.4080954,-1.7505769,930.0,14897792,30,94,8743,4897
1.1830431,4.4099183,-1.7542499,911.0,14949352,29,94,8804,4907
1.2120495,4.4097514,-1.7571884,946.0,14998432,30,94,8871,4915
1.2426085,4.414767,-1.7623309,938.0,15046072,30,94,9019,4929
1.2722459,4.4159975,-1.766004,879.0,15094104,28,94,8853,4939
1.3043092,4.4250603,-1.772983,895.0,15145424,28,94,8736,4958
1.3367997,4.434786,-1.7803292,936.0,15193464,30,94,9124,4978
1.3672694,4.437167,-1.784737,878.0,15242224,29,94,9168,4990
1.3955859,4.4322433,-1.7862062,921.0,15288984,31,94,9216,4994
1.4250314,4.4306808,-1.7891448,953.0,15336704,32,94,9234,5002
1.4588594,4.4421797,-1.7975929,898.0,15385864,30,94,9075,5025
1.4908144,4.447256,-1.8034699,949.0,15435224,32,94,8922,5041
1.5216835,4.4485865,-1.8078777,912.0,15487104,31,94,9136,5053
1.5535432,4.4523396,-1.8133874,907.0,15530464,30,94,8769,5068
1.5864408,4.458498,-1.819999,878.0,15584264,29,94,8998,5086
1.6191553,4.4635453,-1.8262433,871.0,15628864,29,94,9017,5103
1.6532804,4.4718485,-1.833957,874.0,15681424,29,94,8564,5124
1.6882234,4.4816413,-1.8424051,865.0,15729304,28,94,7773,5147
1.7220166,4.4876986,-1.8493841,901.0,15776504,30,94,8630,5166
1.7539178,4.4883113,-1.8541591,844.0,15826264,29,94,8748,5179
1.7907015,4.5008016,-1.8640766,831.0,15875864,28,94,8364,5206
1.8294485,4.5173187,-1.8758305,772.0,15923984,26,94,8056,5238
1.8638611,4.522349,-1.8828095,755.0,15970384,25,94,7766,5257
1.9063116,4.545999,-1.8978693,318.0,16023104,9,94,3260,5298
-26.7948,5.343301,-11.095366,15.0,2737104,21,95,3773,29506
-25.626905,5.2742834,-10.6228895,53.0,2786344,39,95,3447,28255
-24.823908,5.4274993,-10.315458,23.0,2880784,20,95,2912,27441
-13.894873,5.369587,-6.0269113,53.0,4104176,13,95,3859,16086
-2.2060869,4.991535,-2.1768496,330.0,10359496,17,95,7755,5892
-2.1602583,4.970172,-2.1613648,588.0,10406656,33,95,9686,5851
-2.117692,4.955245,-2.1489015,636.0,10457896,36,95,10056,5818
-2.072516,4.933157,-2.1334164,668.0,10507056,38,95,9946,5777
-2.0312319,4.919258,-2.1217084,642.0,10552296,35,95,10309,5746
-1.9888017,4.9016085,-2.1084898,625.0,10598976,34,95,10090,5711
-1.9470085,4.8844843,-2.0956485,650.0,10648776,36,95,10326,5677
-1.9078686,4.8730664,-2.0854514,665.0,10699656,36,95,10143,5650
-1.8676106,4.8578973,-2.073743,672.0,10746856,37,95,10083,5619
-1.830232,4.8493466,-2.0650566,700.0,10798896,39,95,10256,5596
-1.7939961,4.843125,-2.057503,734.0,10847056,41,95,10226,5576
-1.7553697,4.829682,-2.046928,704.0,10895616,37,95,10304,5548
-1.7175994,4.817692,-2.0371084,712.0,10942616,38,95,10173,5522
-1.6806552,4.807169,-2.028044,707.0,10994816,37,95,10150,5498
-1.6439052,4.7963743,-2.0189798,693.0,11042696,37,95,10262,5474
-1.6079422,4.787066,-2.0106707,770.0,11091776,41,95,10006,5452
-1.5738965,4.782773,-2.004628,853.0,11138176,47,95,9571,5436
-1.5439508,4.7905784,-2.0038726,808.0,11186248,44,95,10017,5434
-1.5114546,4.790251,-1.9997181,804.0,11235528,44,95,10091,5423
-1.4762813,4.7808604,-1.9917868,811.0,11284728,44,95,9932,5402
-1.4431598,4.7774224,-1.9864993,704.0,11336928,36,95,6934,5388
-1.4269713,4.830577,-2.0053833,74.0,11380488,3,95,773,5438
-1.395759,4.8339057,-2.003117,43.0,11434448,1,95,814,5432
-1.355735,4.80585,-1.9876324,10.0,11478968,1,95,717,5391
-1.3222747,4.7997985,-1.9815894,26.0,11530888,1,95,689,5375
-1.283634,4.7738504,-1.9672377,16.0,11579008,1,95,648,5337
-1.2166679,4.756956,-1.9536412,17.0,11675568,1,95,640,5301
-1.185884,4.758044,-1.9509975,23.0,11726088,1,95,701,5294
-1.151626,4.7445393,-1.9423108,13.0,11773528,1,95,599,5271
-1.0908191,4.7474875,-1.9377787,14.0,11873008,1,95,530,5259
-1.0604532,4.74867,-1.9355127,16.0,11917888,1,95,609,5253
-1.0305078,4.7514687,-1.9340019,14.0,11970528,1,95,629,5249
-0.93998873,4.7551007,-1.9279591,20.0,12115608,1,95,608,5233
-0.87835115,4.748981,-1.9207832,15.0,12212528,1,95,682,5214
-0.74627477,4.674027,-1.8815045,18.0,12409688,1,95,678,5110
-0.5781016,4.5055494,-1.8037026,10.0,12651160,1,95,1026,4904
-0.51643157,4.458043,-1.7814195,22.0,12748880,1,95,1186,4845
-0.4888643,4.459287,-1.7806642,14.0,12800320,1,95,1130,4843
-0.45899472,4.4382586,-1.7708445,451.0,12849440,20,95,7319,4817
-0.43030623,4.426247,-1.7648016,813.0,12900000,40,95,10403,4801
-0.40237603,4.4205055,-1.7614025,807.0,12946640,38,95,10522,4792
-0.37437424,4.4127436,-1.757248,844.0,12995560,40,95,10310,4781
-0.34662986,4.40665,-1.7538489,811.0,13043000,38,95,10495,4772
-0.31924558,4.404077,-1.7519605,835.0,13091720,39,95,10234,4767
-0.29178166,4.399486,-1.7493168,822.0,13140480,39,95,10509,4760
-0.26421672,4.391951,-1.74554,808.0,13187720,38,95,10402,4750
-0.23639965,4.377773,-1.7391194,843.0,13239200,40,95,10607,4733
-0.20930806,4.3745165,-1.737231,827.0,13286080,39,95,10471,4728
-0.18222588,4.3701677,-1.734965,846.0,13339360,40,95,10362,4722
-0.1551712,4.3647265,-1.7323213,801.0,13383560,38,95,10390,4715
-0.12835872,4.3646708,-1.7319435,834.0,13434560,39,95,10402,4714
-0.1014407,4.3598223,-1.7296774,832.0,13480840,39,95,10230,4708
-0.074754365,4.364066,-1.7311882,833.0,13531000,39,95,10372,4712
-0.04787606,4.3561096,-1.727789,883.0,13583200,42,95,10012,4703
-0.02111433,4.3507657,-1.725523,868.0,13630520,41,95,9954,4697
0.005580323,4.346184,-1.7236346,911.0,13679280,44,95,9852,4692
0.03225389,4.3469934,-1.7240123,857.0,13725520,41,95,10049,4693
0.05884424,4.340233,-1.7213686,834.0,13773120,39,95,10090,4686
0.085335486,4.332384,-1.7183471,908.0,13826112,44,95,9979,4678
0.11196295,4.33363,-1.7191025,902.0,13872512,43,95,9815,4680
0.13880989,4.341191,-1.7225015,860.0,13920232,41,95,9729,4689
0.16534117,4.3374815,-1.7213686,880.0,13970392,42,95,9654,4686
0.19171195,4.330835,-1.7191025,845.0,14018952,40,95,9916,4680
0.2184648,4.3332763,-1.7206131,846.0,14067032,40,95,9483,4684
0.24504918,4.3318543,-1.7206131,854.0,14115032,40,95,9492,4684
0.27151015,4.3284206,-1.7198578,863.0,14164312,41,95,9816,4682
0.29862854,4.3349876,-1.723257,841.0,14217272,40,95,9840,4691
0.3252219,4.3330736,-1.723257,874.0,14266512,41,95,9483,4691
0.35209936,4.3346887,-1.7247677,867.0,14311432,41,95,9731,4695
0.37892914,4.335214,-1.7259007,840.0,14363272,39,95,9548,4698
0.40543696,4.3318853,-1.725523,881.0,14412872,42,95,9820,4697
0.43200928,4.329316,-1.725523,865.0,14456872,41,95,9746,4697
0.45885548,4.329346,-1.7266561,852.0,14510232,40,95,9487,4700
0.4860254,4.331971,-1.7289221,828.0,14557272,39,95,9527,4706
0.5132448,4.334425,-1.7311882,842.0,14608632,40,95,9618,4712
0.5408535,4.3394647,-1.7345873,799.0,14657512,37,95,9467,4721
0.5681855,4.3415737,-1.7368534,834.0,14703392,39,95,9670,4727
0.5948142,4.3380055,-1.7368534,883.0,14749992,42,95,9648,4727
0.62220377,4.339774,-1.7391194,836.0,14799912,39,95,9527,4733
0.65004593,4.3441176,-1.7425185,789.0,14850592,36,95,9222,4742
0.67782295,4.3473673,-1.74554,793.0,14897792,37,95,9565,4750
0.7064013,4.35501,-1.7504498,788.0,14949352,36,95,9450,4763
0.73418087,4.356986,-1.7530936,820.0,14998432,38,95,9518,4770
0.76216984,4.3596973,-1.756115,758.0,15046072,35,95,9555,4778
0.7898913,4.3604064,-1.7583811,821.0,15094104,38,95,9816,4784
0.81798965,4.3627596,-1.7614025,829.0,15145424,39,95,9715,4792
0.8470234,4.3694773,-1.7663124,794.0,15193464,38,95,9840,4805
0.87544656,4.3723707,-1.7697115,789.0,15242224,38,95,9798,4814
0.90375054,4.3741727,-1.7727329,790.0,15288984,38,95,9796,4822
0.9334541,4.3821316,-1.778398,762.0,15336704,36,95,9589,4837
0.9626963,4.387177,-1.7829303,794.0,15385864,38,95,9662,4849
0.9906132,4.385704,-1.7848186,764.0,15435224,37,95,9868,4854
1.0195919,4.3885646,-1.7885954,789.0,15487104,38,95,9845,4864
1.0484287,4.390333,-1.7919946,850.0,15530464,42,95,9618,4873
1.0773253,4.3919125,-1.7953936,823.0,15584264,40,95,9630,4882
1.1076326,4.398691,-1.8010588,753.0,15628864,36,95,9834,4897
1.1380634,4.405263,-1.8067241,838.0,15681424,41,95,9820,4912
1.1671988,4.4062543,-1.8101231,804.0,15729304,39,95,9735,4921
1.1956638,4.4043727,-1.8123893,829.0,15776504,40,95,9879,4927
1.2263749,4.410338,-1.8180544,798.0,15826264,39,95,9842,4942
1.258973,4.422327,-1.8263633,807.0,15875864,39,95,10254,4964
1.2891825,4.4251895,-1.8308954,805.0,15923984,39,95,9805,4976
1.3205289,4.431398,-1.8369384,789.0,15970384,40,95,10270,4992
1.3511926,4.4347296,-1.8418481,788.0,16023104,39,95,9992,5005
1.3800253,4.431661,-1.8441143,765.0,16067624,38,95,10102,5011
1.4102707,4.4328184,-1.8482687,818.0,16120224,41,95,10070,5022
1.4428649,4.4408183,-1.8554447,756.0,16170544,38,95,10068,5041
1.4741565,4.444189,-1.8607321,763.0,16218784,38,95,9930,5055
1.5064319,4.4499745,-1.8671527,783.0,16266064,39,95,9974,5072
1.5406429,4.460783,-1.8758394,770.0,16315944,38,95,10025,5095
1.5710534,4.459982,-1.8796161,767.0,16362864,38,95,9929,5105
1.6018243,4.459847,-1.8837706,706.0,16409936,34,95,9815,5116
1.6358283,4.4681997,-1.8917018,735.0,16458576,36,95,9805,5137
1.6699947,4.476302,-1.899633,690.0,16509576,33,95,8728,5158
1.7039938,4.4832873,-1.9071866,733.0,16559096,36,95,9410,5178
1.7394754,4.4934783,-1.916251,729.0,16606656,37,95,9348,5202
1.7731128,4.4982314,-1.9230492,669.0,16657136,34,95,9353,5220
1.813756,4.5199327,-1.937401,679.0,16704096,34,95,8763,5258
1.8470455,4.5224385,-1.9434439,673.0,16754336,33,95,8365,5274
1.883271,4.5315485,-1.9525082,495.0,16800576,23,95,5598,5298
25.337854,8.184748,-10.8117285,48.0,23684616,40,95,4400,28755
-21.274069,5.3013353,-9.220826,36.0,684360,14,96,3285,23802
-2.145222,4.9797916,-2.2431314,585.0,8014392,15,96,7868,5885
-2.0949054,4.9461994,-2.2217119,717.0,8061432,19,96,8518,5830
-2.0556831,4.937696,-2.2119758,697.0,8108952,18,96,8863,5805
-2.0142074,4.9229293,-2.1995137,717.0,8157512,19,96,8784,5773
-1.9740193,4.9104047,-2.1882195,765.0,8207912,20,96,9031,5744
-1.9327106,4.894146,-2.1753678,753.0,8257992,19,96,8790,5711
-1.8916762,4.877566,-2.162516,766.0,8305032,20,96,8835,5678
-1.8535352,4.867556,-2.15278,799.0,8355592,21,96,8992,5653
-1.8149449,4.8555365,-2.142265,801.0,8403072,21,96,8655,5626
-1.7762557,4.8423624,-2.1313605,800.0,8453392,21,96,8851,5598
-1.7399752,4.834965,-2.1231823,789.0,8499792,20,96,8811,5577
-1.7032409,4.8255687,-2.114225,764.0,8548832,19,96,8769,5554
-1.6654855,4.8124213,-2.10371,821.0,8598224,21,96,8866,5527
-1.6300222,4.8051004,-2.095921,808.0,8649704,20,96,8835,5507
-1.5950013,4.798401,-2.0885215,809.0,8698184,20,96,9072,5488
-1.5609778,4.7940807,-2.0822904,842.0,8748264,21,96,8701,5472
-1.5251139,4.78338,-2.0733333,884.0,8794824,23,96,8545,5449
-1.4877983,4.7671437,-2.0620394,816.0,8843824,20,96,8691,5420
-1.4553003,4.7656097,-2.057366,821.0,8891424,20,96,8637,5408
-1.425506,4.772684,-2.056587,832.0,8940304,21,96,8650,5406
-1.3936201,4.7724977,-2.0526927,755.0,8989784,18,96,5957,5396
-1.3907715,4.8739786,-2.0935843,72.0,9036264,1,96,900,5501
-1.3598529,4.8788705,-2.0920267,62.0,9087424,1,96,920,5497
-1.303609,4.79023,-2.049577,18.0,9134864,1,96,778,5388
-1.2687719,4.7776594,-2.0406199,27.0,9188104,1,96,808,5365
-1.2355195,4.7701936,-2.0339992,30.0,9232544,1,96,753,5348
-1.1997101,4.7517815,-2.0227053,20.0,9283864,1,96,725,5319
-1.1661465,4.741162,-2.0149164,12.0,9330304,1,96,752,5299
-1.1336135,4.7338934,-2.0086854,13.0,9380664,1,96,790,5283
-1.0415529,4.7323647,-1.9993386,9.0,9527624,1,96,719,5259
-1.0123043,4.737766,-1.9989492,14.0,9574944,1,96,750,5258
-0.9850764,4.752908,-2.0028436,12.0,9622744,1,96,771,5268
-0.95426905,4.750735,-1.9993386,15.0,9674744,1,96,830,5259
-0.92457587,4.7537875,-1.9981703,16.0,9720864,1,96,764,5256
-0.8936946,4.750318,-1.9942758,14.0,9769144,1,96,779,5246
-0.8602673,4.7321477,-1.9841502,18.0,9819384,1,96,836,5220
-0.82741356,4.7155614,-1.9748036,11.0,9868096,1,96,806,5196
-0.798311,4.719641,-1.9744141,27.0,9916256,1,96,782,5195
-0.76609725,4.704448,-1.9658463,31.0,9964056,1,96,799,5173
-0.73367506,4.686308,-1.9561101,19.0,10013016,1,96,789,5148
-0.70109624,4.665215,-1.9452057,16.0,10066416,1,96,834,5120
-0.53561383,4.4979296,-1.8657588,19.0,10306176,1,96,932,4916
-0.5082099,4.502962,-1.8665377,31.0,10359496,1,96,854,4918
-0.41565198,4.4088426,-1.8229197,201.0,10507056,3,96,4078,4806
-0.38915178,4.417733,-1.8256459,896.0,10552296,21,96,8740,4813
-0.36159173,4.4145293,-1.8233092,866.0,10598976,20,96,8718,4807
-0.33436048,4.4148283,-1.8225304,893.0,10648776,21,96,8903,4805
-0.30694997,4.4122024,-1.8205831,846.0,10699656,19,96,9035,4800
-0.27923974,4.4038906,-1.8162992,859.0,10746856,19,96,8729,4789
-0.25133237,4.3898883,-1.8096787,940.0,10798896,21,96,8806,4772
-0.22397651,4.3830686,-1.8061736,876.0,10847056,19,96,8608,4763
-0.19715928,4.3862004,-1.8069525,847.0,10895616,19,96,8660,4765
-0.17017265,4.385487,-1.8061736,822.0,10942616,18,96,8675,4763
-0.14293937,4.3763223,-1.8018898,843.0,10994816,19,96,8511,4752
-0.11570723,4.362385,-1.7956586,791.0,11042696,17,96,8635,4736
-0.08888426,4.36025,-1.7944902,812.0,11091776,18,96,8751,4733
-0.06214084,4.3616343,-1.7948797,810.0,11138176,18,96,8543,4734
-0.03533098,4.3554864,-1.7921536,725.0,11186248,15,96,8659,4727
-0.008609351,4.3593054,-1.7937114,786.0,11235528,17,96,8700,4731
0.018110793,4.3537498,-1.7913747,766.0,11284728,16,96,8830,4725
0.044814207,4.352636,-1.7909852,749.0,11336928,16,96,8685,4724
0.07145662,4.348595,-1.7894275,744.0,11380488,16,96,8618,4720
0.09809444,4.3462334,-1.7886486,790.0,11434448,17,96,8536,4718
0.12473328,4.344629,-1.7882591,724.0,11478968,15,96,8403,4717
0.15142202,4.3447022,-1.7886486,755.0,11530888,16,96,8604,4718
0.17815496,4.345532,-1.7894275,783.0,11579008,17,96,8562,4720
0.20499228,4.348037,-1.7909852,782.0,11625768,17,96,8480,4724
0.23161758,4.3457775,-1.7905958,799.0,11675568,17,96,8492,4723
0.25833395,4.345194,-1.7909852,737.0,11726088,16,96,8348,4724
0.28486836,4.341689,-1.7902063,787.0,11773528,17,96,8403,4722
0.3117035,4.342615,-1.7913747,710.0,11820568,15,96,8377,4725
0.3386332,4.3442936,-1.7929325,733.0,11873008,16,96,8387,4729
0.36520484,4.3412166,-1.792543,780.0,11917888,17,96,8218,4728
0.39183518,4.338894,-1.792543,745.0,11970528,16,96,8188,4728
0.41871876,4.339158,-1.7937114,722.0,12020208,15,96,8069,4731
0.44600013,4.3429203,-1.7964375,744.0,12068168,16,96,8236,4738
0.47273996,4.3410172,-1.796827,712.0,12115608,15,96,8347,4739
0.49968565,4.34078,-1.7979952,706.0,12165448,15,96,8253,4742
0.5269816,4.343117,-1.800332,668.0,12212528,14,96,8223,4748
0.554325,4.3452835,-1.8026686,691.0,12260088,14,96,8122,4754
0.5820838,4.350015,-1.8061736,725.0,12309128,15,96,8006,4763
0.60927856,4.35001,-1.8077314,688.0,12360048,14,96,8069,4767
0.6356898,4.344367,-1.8069525,719.0,12409688,15,96,8218,4765
0.6645711,4.354951,-1.8131837,735.0,12457168,15,96,7917,4781
0.6922977,4.3571577,-1.8159097,726.0,12507680,15,96,8119,4788
0.7200764,4.359188,-1.8186358,656.0,12554920,14,96,8118,4795
0.7494713,4.3701177,-1.8252565,714.0,12605160,15,96,8002,4812
0.77659595,4.36725,-1.8260354,713.0,12651160,15,96,8052,4814
0.8038812,4.36512,-1.8272036,719.0,12700560,16,96,7933,4817
0.8332481,4.3736744,-1.8330454,693.0,12748880,15,96,8194,4832
0.8616776,4.376611,-1.8365504,737.0,12800320,16,96,8201,4841
0.8885158,4.3712416,-1.8365504,734.0,12849440,16,96,8071,4841
0.91702896,4.373819,-1.8400553,714.0,12900000,15,96,7936,4850
0.9461932,4.378911,-1.8447287,658.0,12946640,14,96,7872,4862
0.97404826,4.377517,-1.846676,699.0,12995560,15,96,8044,4867
1.003573,4.383127,-1.8517387,698.0,13043000,15,96,7908,4880
1.0340506,4.3921247,-1.8583593,677.0,13091720,15,96,8069,4897
1.0640241,4.3982277,-1.8638115,763.0,13140480,17,96,7771,4911
1.0923283,4.3969784,-1.8661482,684.0,13187720,15,96,8101,4917
1.1229408,4.40447,-1.8723793,732.0,13239200,16,96,7965,4933
1.151348,4.402842,-1.874716,733.0,13286080,16,96,7802,4939
1.1814524,4.407257,-1.8797789,660.0,13339360,14,96,8097,4952
1.2118989,4.412356,-1.885231,713.0,13383560,15,96,8201,4966
1.2414516,4.413701,-1.8891255,700.0,13434560,15,96,8118,4976
1.2702996,4.4121947,-1.8918517,720.0,13480840,16,96,8092,4983
1.301003,4.416683,-1.8973038,743.0,13531000,17,96,8002,4997
1.3334079,4.4262505,-1.9050927,718.0,13583200,16,96,8092,5017
1.362173,4.4232655,-1.9074295,704.0,13630520,16,96,8094,5023
1.3923377,4.4244857,-1.9117134,689.0,13679280,15,96,8145,5034
1.423134,4.427255,-1.9167762,707.0,13725520,16,96,7971,5047
1.4563206,4.4368114,-1.9249545,739.0,13773120,17,96,8098,5068
1.4870375,4.438269,-1.9296279,715.0,13826112,16,96,7865,5080
1.5196193,4.444744,-1.9366379,771.0,13872512,18,96,7802,5098
1.5511202,4.447508,-1.9420902,725.0,13920232,16,96,7934,5112
1.5830213,4.4509196,-1.9479318,683.0,13970392,15,96,7690,5127
1.6169109,4.4593005,-1.9561101,708.0,14018952,16,96,7677,5148
1.6477624,4.4587955,-1.960394,690.0,14067032,15,96,7901,5159
1.6841989,4.4727287,-1.9712985,691.0,14115032,16,96,7709,5187
1.7185538,4.4803634,-1.9794768,671.0,14164312,15,96,6139,5208
1.7530656,4.4877443,-1.9876552,641.0,14217272,14,96,6965,5229
1.7867091,4.4923034,-1.9946653,627.0,14266512,14,96,6071,5247
1.8190887,4.4932036,-2.0001175,664.0,14311432,15,96,4832,5261
1.857172,4.507497,-2.0118008,654.0,14363272,14,96,3644,5291
1.8983533,4.528283,-2.0265996,578.0,14412872,12,96,2567,5329
1.9333429,4.5334883,-2.0343888,522.0,14456872,11,96,2127,5349
-24.639854,5.403491,-11.007356,37.0,1269592,24,97,3749,27540
-24.088968,5.43778,-10.774905,23.0,1316952,17,97,3456,26961
-2.1758132,5.003671,-2.3416624,186.0,8794824,5,97,5599,5955
-2.1277974,4.976501,-2.322392,602.0,8843824,17,97,9140,5907
-2.0812614,4.9514647,-2.3043258,722.0,8891424,21,97,9596,5862
-2.0396569,4.937052,-2.2914789,784.0,8940304,23,97,9787,5830
-1.9976194,4.920618,-2.277829,792.0,8989784,23,97,9787,5796
-1.9568781,4.9064083,-2.2653835,785.0,9036264,23,97,9976,5765
-1.9140497,4.8859143,-2.2501276,795.0,9087424,22,97,10014,5727
-1.875819,4.8761945,-2.2400908,831.0,9134864,24,97,9978,5702
-1.8393967,4.870475,-2.2320616,821.0,9188104,23,97,10186,5682
-1.8002527,4.8567624,-2.220419,789.0,9232544,22,97,10157,5653
-1.7616593,4.843615,-2.209178,824.0,9283864,23,97,9913,5625
-1.7232953,4.830178,-2.1979368,835.0,9330304,24,97,10170,5597
-1.687883,4.824234,-2.1903088,837.0,9380664,24,97,10039,5578
-1.651718,4.8154387,-2.1814766,836.0,9432184,23,97,10146,5556
-1.6151416,4.8046455,-2.1718414,827.0,9479664,23,97,10089,5532
-1.5796188,4.796196,-2.1634104,800.0,9527624,22,97,9865,5511
-1.5465082,4.7944655,-2.1581914,910.0,9574944,25,97,9681,5498
-1.5134783,4.79251,-2.1529722,875.0,9622744,24,97,9754,5485
-1.47945,4.7868295,-2.1461473,830.0,9674744,23,97,9631,5468
-1.4444894,4.7774053,-2.1377165,848.0,9720864,23,97,9721,5447
-1.4143702,4.7835436,-2.136512,724.0,9769144,18,97,5812,5444
-1.4045542,4.8598866,-2.1674252,76.0,9819384,1,97,947,5521
-1.3682433,4.845495,-2.156987,45.0,9868096,1,97,965,5495
-1.3307027,4.825544,-2.14414,19.0,9916256,1,97,932,5463
-1.295361,4.812391,-2.1345048,21.0,9964056,1,97,1123,5439
-1.2611609,4.8025303,-2.1264753,27.0,10013016,1,97,880,5419
-1.2269036,4.791545,-2.1180446,11.0,10066416,1,97,830,5398
-1.1923858,4.778543,-2.108811,13.0,10115016,1,97,880,5375
-1.1578579,4.7644086,-2.0991755,11.0,10160296,1,97,813,5351
-1.1275494,4.766967,-2.0971682,15.0,10212976,1,97,856,5346
-1.0611814,4.745584,-2.081511,15.0,10306176,1,97,906,5307
-0.99607515,4.7259846,-2.067058,11.0,10406656,1,97,948,5271
-0.9665089,4.7293153,-2.0658536,8.0,10457896,1,97,956,5268
-0.9364065,4.729766,-2.0634449,16.0,10507056,1,97,1041,5262
-0.9061628,4.7291255,-2.0606346,19.0,10552296,1,97,966,5255
-0.8769618,4.733696,-2.060233,22.0,10598976,1,97,937,5254
-0.81865054,4.743199,-2.0598316,10.0,10699656,1,97,919,5253
-0.73051065,4.7529373,-2.0578244,8.0,10847056,1,97,888,5248
-0.7017334,4.7600484,-2.0590286,9.0,10895616,1,97,960,5251
-0.5579436,4.5567393,-1.9622749,14.0,11091776,1,97,1252,5010
-0.51805633,4.4572716,-1.916909,458.0,11138176,9,97,4742,4897
-0.48979837,4.4521728,-1.9132957,549.0,11186248,11,97,4825,4888
-0.4619054,4.4496284,-1.9108869,520.0,11235528,10,97,4023,4882
-0.4335299,4.44144,-1.9060693,550.0,11284728,11,97,6982,4870
-0.4036934,4.4157414,-1.8936238,944.0,11336928,23,97,10124,4839
-0.37651384,4.417223,-1.8932223,881.0,11380488,21,97,10212,4838
-0.34925938,4.417624,-1.8924193,929.0,11434448,22,97,9938,4836
-0.32155007,4.4114623,-1.8888062,911.0,11478968,22,97,10198,4827
-0.29374748,4.402386,-1.8839886,902.0,11530888,21,97,9955,4815
-0.26617855,4.3949633,-1.8799739,885.0,11579008,21,97,9589,4805
-0.23895918,4.391941,-1.8779665,877.0,11625768,21,97,9743,4800
-0.21174307,4.387836,-1.8755578,940.0,11675568,21,97,9926,4794
-0.18466283,4.385392,-1.8739519,886.0,11726088,20,97,9841,4790
-0.15758793,4.3818665,-1.8719445,879.0,11773528,20,97,9606,4785
-0.13034715,4.3708496,-1.8667254,908.0,11820568,20,97,9656,4772
-0.10350426,4.3706517,-1.866324,916.0,11873008,21,97,9707,4771
-0.07673184,4.3739514,-1.8675283,934.0,11917888,21,97,9568,4774
-0.049841527,4.369761,-1.8655211,896.0,11970528,20,97,9629,4769
-0.02301462,4.367237,-1.8643166,895.0,12020208,20,97,9372,4766
0.0037794388,4.364548,-1.8631122,861.0,12068168,19,97,9419,4763
0.030492745,4.355284,-1.8590975,840.0,12115608,18,97,9505,4753
0.05711715,4.347689,-1.8558857,892.0,12165448,20,97,9414,4745
0.08368537,4.3417625,-1.853477,837.0,12212528,18,97,9684,4739
0.110300794,4.340252,-1.8530755,831.0,12260088,18,97,9374,4738
0.13722172,4.348647,-1.8570902,866.0,12309128,19,97,9376,4748
0.16397153,4.349554,-1.8578931,818.0,12360048,18,97,9512,4750
0.19041437,4.342976,-1.8554844,841.0,12409688,18,97,9400,4744
0.21710481,4.342641,-1.8558857,853.0,12457168,19,97,9513,4745
0.24390155,4.34397,-1.8570902,876.0,12507680,19,97,9400,4748
0.2704938,4.3414774,-1.8566887,825.0,12554920,18,97,9564,4747
0.29737893,4.343391,-1.8582946,865.0,12605160,19,97,9599,4751
0.32436612,4.346051,-1.860302,824.0,12651160,18,97,9329,4756
0.35147122,4.3494563,-1.8627107,828.0,12700560,18,97,9666,4762
0.378471,4.3508673,-1.8643166,895.0,12748880,20,97,9563,4766
0.4052455,4.3493752,-1.8647181,901.0,12800320,20,97,9359,4767
0.43192515,4.3468065,-1.8647181,888.0,12849440,20,97,9345,4767
0.4587814,4.3458962,-1.8655211,844.0,12900000,19,97,9456,4769
0.48574474,4.34573,-1.8667254,848.0,12946640,19,97,9390,4772
0.51261574,4.3444867,-1.8675283,863.0,12995560,19,97,9344,4774
0.5407347,4.3530746,-1.8727474,851.0,13043000,19,97,9433,4787
0.5688596,4.3605723,-1.877565,888.0,13091720,21,97,9414,4799
0.5961022,4.3606296,-1.8791709,891.0,13140480,21,97,9326,4803
0.6231071,4.358703,-1.8799739,858.0,13187720,20,97,9306,4805
0.6502462,4.3575153,-1.8811783,800.0,13239200,18,97,9320,4808
0.6776762,4.357968,-1.8831856,760.0,13286080,17,97,9294,4813
0.7055759,4.3609605,-1.8863974,829.0,13339360,19,97,8992,4821
0.7336899,4.3646774,-1.8900106,799.0,13383560,18,97,9191,4830
0.76266426,4.372724,-1.8956312,846.0,13434560,20,97,9024,4844
0.79045945,4.3733697,-1.8980399,878.0,13480840,21,97,9182,4850
0.8177852,4.3711376,-1.8992443,833.0,13531000,19,97,9193,4853
0.84598434,4.373231,-1.902456,822.0,13583200,19,97,9174,4861
0.87459946,4.3769383,-1.9064708,872.0,13630520,20,97,9226,4871
0.9025508,4.376871,-1.9088796,890.0,13679280,21,97,9000,4877
0.93129724,4.3802085,-1.9128942,880.0,13725520,21,97,9105,4887
0.96031475,4.3842525,-1.9173105,901.0,13773120,21,97,9173,4898
0.9894169,4.388105,-1.9217266,830.0,13826112,19,97,9321,4909
1.0188096,4.392657,-1.9265442,866.0,13872512,20,97,9396,4921
1.0480826,4.396122,-1.9309603,877.0,13920232,20,97,9130,4932
1.0765638,4.395835,-1.9337707,919.0,13970392,22,97,8941,4939
1.1057518,4.3980284,-1.9377853,908.0,14018952,21,97,8913,4949
1.1356941,4.4026885,-1.9430044,858.0,14067032,20,97,9327,4962
1.1643285,4.401835,-1.9458147,895.0,14115032,21,97,9306,4969
1.1961136,4.412286,-1.9538441,851.0,14164312,21,97,9235,4989
1.2270894,4.418982,-1.9602675,846.0,14217272,21,97,9118,5005
1.2571894,4.42194,-1.9650851,843.0,14266512,21,97,9221,5017
1.2871156,4.4238153,-1.9695013,823.0,14311432,20,97,8981,5028
1.316589,4.423734,-1.9731145,819.0,14363272,20,97,8996,5037
1.3461099,4.4234576,-1.9767277,826.0,14412872,20,97,9022,5046
1.3781271,4.4308553,-1.9839542,898.0,14456872,22,97,9015,5064
1.4097304,4.4362803,-1.9903777,826.0,14510232,20,97,8982,5080
1.4428669,4.445839,-1.9988085,854.0,14557272,21,97,9037,5101
1.4741553,4.4490724,-2.004429,848.0,14608632,21,97,8883,5115
1.5020139,4.4416785,-2.005232,826.0,14657512,20,97,8870,5117
1.5322288,4.4410357,-2.0092466,833.0,14703392,20,97,8876,5127
1.5652308,4.4479637,-2.0168746,842.0,14749992,21,97,8995,5146
1.5986848,4.4555154,-2.024904,837.0,14799912,20,97,8888,5166
1.6344942,4.4688435,-2.0357435,867.0,14850592,23,97,8852,5193
1.6689262,4.4776087,-2.044576,840.0,14897792,21,97,7626,5215
1.7054795,4.4912558,-2.055817,825.0,14949352,20,97,5078,5243
1.7363114,4.489248,-2.0598316,855.0,14998432,22,97,6816,5253
1.7698698,4.493847,-2.067058,803.0,15046072,20,97,7279,5271
1.8062783,4.505002,-2.0774963,765.0,15094104,19,97,7995,5297
1.8401197,4.509096,-2.0847228,756.0,15145424,19,97,7848,5315
1.876188,4.5180182,-2.094358,709.0,15193464,17,97,7784,5339
1.9142181,4.5308847,-2.1060004,631.0,15242224,15,97,6170,5368
18.921913,8.086271,-8.969904,49.0,21342992,19,97,3031,22465
22.120619,8.040265,-10.267048,38.0,21780904,22,97,3904,25696
-2.1636956,5.0106006,-2.424151,180.0,9622744,6,98,5303,5990
-2.104419,4.956723,-2.3911154,505.0,9674744,18,98,8179,5910
-2.0704558,4.9611382,-2.3869858,549.0,9720864,20,98,8788,5900
-2.023376,4.933307,-2.3671646,649.0,9769144,25,98,9003,5852
-1.9835296,4.921979,-2.355602,660.0,9819384,25,98,8774,5824
-1.9452405,4.913736,-2.3456914,667.0,9868096,25,98,9274,5800
-1.9031644,4.8950233,-2.3308253,726.0,9916256,28,98,9123,5764
-1.8597665,4.871727,-2.3138945,720.0,9964056,27,98,9383,5723
-1.8208842,4.8591695,-2.3023322,692.0,10013016,25,98,9223,5695
-1.7834847,4.849738,-2.2924213,743.0,10066416,28,98,9420,5671
-1.7456511,4.838318,-2.2816849,676.0,10115016,25,98,9047,5645
-1.7080251,4.826617,-2.2709482,777.0,10160296,29,98,9580,5619
-1.6732979,4.8223805,-2.2639282,759.0,10212976,28,98,9263,5602
-1.6354585,4.8084164,-2.2523656,767.0,10261936,29,98,9445,5574
-1.6018889,4.8062654,-2.2465844,788.0,10306176,28,98,9292,5560
-1.5678415,4.8021526,-2.2399774,852.0,10359496,31,98,8869,5544
-1.533905,4.797804,-2.23337,832.0,10406656,30,98,8962,5528
-1.4992644,4.790612,-2.2255242,818.0,10457896,29,98,8844,5509
-1.4669054,4.790143,-2.2209818,858.0,10507056,31,98,8775,5498
-1.4319929,4.7807336,-2.21231,666.0,10552296,22,98,6077,5477
-1.4172364,4.8392463,-2.235848,71.0,10598976,2,98,708,5534
-1.3807436,4.824212,-2.2246983,23.0,10648776,1,98,639,5507
-1.349153,4.825577,-2.2213948,20.0,10699656,1,98,617,5499
-1.3151969,4.8179507,-2.2139618,29.0,10746856,1,98,622,5481
-1.2856097,4.8259296,-2.2139618,36.0,10798896,1,98,570,5481
-1.2470318,4.7993517,-2.197857,17.0,10847056,1,98,586,5442
-1.2083812,4.770718,-2.180926,11.0,10895616,1,98,550,5401
-1.1716583,4.747981,-2.1668859,7.0,10942616,1,98,553,5367
-1.1452725,4.766592,-2.1722543,10.0,10994816,1,98,621,5380
-1.1101912,4.7486997,-2.1606917,14.0,11042696,1,98,581,5352
-1.0765857,4.7358856,-2.151607,14.0,11091776,1,98,604,5330
-1.045933,4.735288,-2.1483035,22.0,11138176,1,98,554,5322
-0.9777137,4.69962,-2.1260045,10.0,11235528,1,98,576,5268
-0.9159479,4.690706,-2.1165066,10.0,11336928,1,98,589,5245
-0.8888422,4.705187,-2.120636,17.0,11380488,1,98,570,5255
-0.8611018,4.716823,-2.1235266,12.0,11434448,1,98,576,5262
-0.80865586,4.7593575,-2.1383927,10.0,11530888,1,98,550,5298
-0.72827315,4.822063,-2.1606917,17.0,11675568,1,98,655,5352
-0.57695967,4.579157,-2.0421765,14.0,11873008,1,98,830,5065
-0.5331073,4.4514933,-1.9822993,404.0,11917888,11,98,3847,4920
-0.5058864,4.4555855,-1.9827123,404.0,11970528,10,98,3346,4921
-0.47766063,4.4504557,-1.9789958,437.0,12020208,12,98,3839,4912
-0.4491492,4.4415236,-1.9736274,583.0,12068168,17,98,6903,4899
-0.42016092,4.426063,-1.9653685,812.0,12115608,25,98,9193,4879
-0.39251044,4.423115,-1.9628909,857.0,12165448,27,98,9273,4873
-0.36513767,4.4227166,-1.961652,920.0,12212528,30,98,9166,4870
-0.3372273,4.414885,-1.9571097,856.0,12260088,27,98,9202,4859
-0.30936277,4.405969,-1.9521543,830.0,12309128,26,98,9261,4847
-0.2819714,4.4023314,-1.9496766,797.0,12360048,25,98,9237,4841
-0.2549539,4.4039783,-1.9496766,848.0,12409688,27,98,8995,4841
-0.22764269,4.4000025,-1.947199,859.0,12457168,27,98,9115,4835
-0.2001393,4.390399,-1.9422436,846.0,12507680,27,98,8786,4823
-0.1728709,4.383354,-1.9385271,815.0,12554920,25,98,9012,4814
-0.1458801,4.381602,-1.9372883,843.0,12605160,26,98,8964,4811
-0.118917316,4.379683,-1.9360495,857.0,12651160,27,98,8845,4808
-0.09198357,4.377599,-1.9348106,829.0,12700560,26,98,9243,4805
-0.0651214,4.3780804,-1.9348106,842.0,12748880,26,98,9319,4805
-0.03822377,4.374755,-1.9331589,826.0,12800320,26,98,9072,4801
-0.01135876,4.367621,-1.9298552,828.0,12849440,25,98,8983,4793
0.015405563,4.3566794,-1.9248999,833.0,12900000,25,98,9016,4781
0.042094786,4.351949,-1.9228352,869.0,12946640,26,98,9218,4776
0.06882526,4.3534303,-1.9236611,848.0,12995560,26,98,9230,4778
0.09563456,4.357479,-1.9257258,899.0,13043000,27,98,8931,4783
0.12231919,4.354989,-1.9248999,852.0,13091720,26,98,9155,4781
0.14916204,4.3577976,-1.9265517,889.0,13140480,27,98,9114,4785
0.17597108,4.3586206,-1.9273776,823.0,13187720,25,98,8850,4787
0.20258567,4.354729,-1.9261388,833.0,13239200,25,98,9029,4784
0.22915913,4.3506756,-1.9248999,838.0,13286080,25,98,8961,4781
0.25606284,4.3528247,-1.9265517,886.0,13339360,27,98,9091,4785
0.28294274,4.353898,-1.9277905,879.0,13383560,27,98,9001,4788
0.30965245,4.35208,-1.9277905,866.0,13434560,26,98,8967,4788
0.3364903,4.3519144,-1.9286164,866.0,13480840,26,98,8714,4790
0.36356425,4.3543057,-1.9306811,870.0,13531000,28,98,8804,4795
0.39035597,4.3529,-1.931094,800.0,13583200,25,98,8793,4796
0.41783708,4.3585825,-1.9348106,825.0,13630520,26,98,9054,4805
0.44531044,4.3631854,-1.9381142,836.0,13679280,26,98,8875,4813
0.472465,4.3639927,-1.9397659,840.0,13725520,26,98,8658,4817
0.49892318,4.358297,-1.9385271,837.0,13773120,26,98,8594,4814
0.5256558,4.3551536,-1.9385271,843.0,13826112,26,98,8366,4814
0.55374134,4.362689,-1.9434824,809.0,13872512,25,98,8638,4826
0.58205897,4.370946,-1.9488508,863.0,13920232,27,98,8512,4839
0.6088676,4.367292,-1.9488508,903.0,13970392,29,98,8768,4839
0.63617736,4.3670793,-1.9505025,925.0,14018952,30,98,8809,4843
0.66473615,4.3747993,-1.9558709,887.0,14067032,28,98,8734,4856
0.6921351,4.3742366,-1.9575226,872.0,14115032,28,98,8835,4860
0.7194046,4.372604,-1.9587615,818.0,14164312,25,98,8687,4863
0.7475986,4.3761873,-1.9624779,901.0,14217272,29,98,8797,4872
0.7755464,4.3777957,-1.9653685,859.0,14266512,27,98,8742,4879
0.8028857,4.3756423,-1.9666075,845.0,14311432,27,98,8895,4882
0.8322627,4.3840556,-1.9728016,877.0,14363272,28,98,8788,4897
0.86019754,4.384229,-1.9752792,857.0,14412872,27,98,8851,4903
0.88888794,4.3877954,-1.9794087,816.0,14456872,25,98,8675,4913
0.91691035,4.387608,-1.9818864,850.0,14510232,27,98,8654,4919
0.94477236,4.3863516,-1.9839511,850.0,14557272,27,98,8647,4924
0.9740321,4.3911424,-1.9889065,854.0,14608632,27,98,8863,4936
1.002779,4.393075,-1.992623,871.0,14657512,28,98,8707,4945
1.0347037,4.4081206,-2.0025337,891.0,14703392,28,98,8582,4969
1.0636516,4.4096575,-2.0062501,869.0,14749992,27,98,8521,4978
1.0911261,4.4048166,-2.007076,844.0,14799912,26,98,8855,4980
1.1188054,4.4006867,-2.0083148,858.0,14850592,27,98,8681,4983
1.1473932,4.3999085,-2.0112054,932.0,14897792,32,98,8657,4990
1.1809475,4.4174232,-2.022768,781.0,14949352,25,98,8773,5018
1.2106739,4.4197574,-2.0273104,869.0,14998432,29,98,8624,5029
1.241702,4.426277,-2.0339174,790.0,15046072,25,98,7964,5045
1.2708465,4.4255786,-2.0372212,887.0,15094104,30,98,8776,5053
1.3007987,4.4273105,-2.0417635,834.0,15145424,27,98,8730,5064
1.3316052,4.431458,-2.0475447,860.0,15193464,28,98,8798,5078
1.3635802,4.438876,-2.0549777,855.0,15242224,28,98,8810,5096
1.3946062,4.442592,-2.060759,852.0,15288984,28,98,8570,5110
1.4251733,4.44436,-2.0657144,788.0,15336704,25,98,8791,5122
1.4552481,4.444187,-2.0698438,828.0,15385864,27,98,8821,5132
1.4847975,4.4420853,-2.0731473,822.0,15435224,27,98,8770,5140
1.5176071,4.4492707,-2.0809934,845.0,15487104,28,98,8786,5159
1.5511585,4.4579406,-2.0896652,850.0,15530464,29,98,8649,5180
1.5833519,4.4620733,-2.0962722,817.0,15584264,28,98,8549,5196
1.6168923,4.4694047,-2.1045313,789.0,15628864,27,98,8904,5216
1.6512119,4.478201,-2.113616,751.0,15681424,25,98,8675,5238
1.6847397,4.4841857,-2.1214619,670.0,15729304,22,98,6900,5257
1.7206801,4.4958816,-2.1321986,761.0,15776504,26,98,8762,5283
1.7545135,4.5013638,-2.1400445,764.0,15826264,26,98,7774,5302
1.7884787,4.5065994,-2.1478906,779.0,15875864,26,98,8255,5321
1.8215513,4.5090537,-2.1544976,737.0,15923984,25,98,7908,5337
1.8578358,4.518853,-2.1648211,649.0,15970384,21,98,7780,5362
1.8953625,4.530897,-2.1763837,586.0,16023104,19,98,6734,5390
1.9477183,4.5770135,-2.204877,108.0,16067624,3,98,2138,5459
-24.152382,5.374376,-11.49772,27.0,2929864,23,99,3481,27303
-23.55715,5.3939366,-11.228734,27.0,2979224,23,99,3790,26667
-23.340137,5.495216,-11.140763,31.0,3030984,24,99,3784,26459
-23.171219,5.6057477,-11.076055,35.0,3074624,26,99,3696,26306
-2.1557832,5.0104985,-2.495134,164.0,10457896,9,99,6661,6017
-2.1016567,4.9685683,-2.4672205,376.0,10507056,21,99,8601,5951
-2.061023,4.9571133,-2.4549553,429.0,10552296,24,99,9444,5922
-2.0096207,4.9185133,-2.4291563,529.0,10598976,30,99,9736,5861
-1.9746678,4.9189825,-2.4232352,595.0,10648776,34,99,9651,5847
-1.9337896,4.904039,-2.4097013,574.0,10699656,32,99,9655,5815
-1.8908743,4.882867,-2.3932068,555.0,10746856,31,99,9630,5776
-1.8524873,4.8723617,-2.3822107,586.0,10798896,32,99,9603,5750
-1.8114432,4.853932,-2.367408,542.0,10847056,29,99,9770,5715
-1.7747552,4.846241,-2.3581033,631.0,10895616,35,99,10068,5693
-1.7363877,4.8331685,-2.3462613,600.0,10942616,33,99,9996,5665
-1.6988515,4.821517,-2.335265,646.0,10994816,35,99,9917,5639
-1.6630068,4.813869,-2.3263834,610.0,11042696,33,99,9768,5618
-1.6290683,4.8111115,-2.3200393,664.0,11091776,37,99,10077,5603
-1.5949401,4.8072596,-2.3132722,699.0,11138176,39,99,9480,5587
-1.5597978,4.799724,-2.3048136,678.0,11186248,37,99,9476,5567
-1.5278383,4.801435,-2.3010073,711.0,11235528,38,99,9561,5558
-1.4932151,4.7942853,-2.2929714,653.0,11284728,34,99,9401,5539
-1.4613858,4.795558,-2.289165,616.0,11336928,32,99,8539,5530
-1.4280401,4.791412,-2.282821,208.0,11380488,9,99,1634,5515
-1.4064945,4.827047,-2.295932,23.0,11434448,1,99,786,5546
-1.374361,4.826873,-2.2917027,23.0,11478968,1,99,713,5536
-1.3391169,4.8151402,-2.281975,31.0,11530888,1,99,809,5513
-1.3047832,4.80578,-2.2735164,28.0,11579008,1,99,721,5493
-1.2429816,4.810904,-2.2684412,21.0,11675568,1,99,703,5481
-1.171719,4.7765217,-2.244757,11.0,11773528,1,99,653,5425
-1.0481,4.7764053,-2.2316458,9.0,11970528,1,99,553,5394
-0.9789132,4.7383337,-2.2075386,12.0,12068168,1,99,527,5337
-0.9108202,4.6992908,-2.1834314,19.0,12165448,1,99,607,5280
-0.5534483,4.444323,-2.0396335,213.0,12700560,8,99,3801,4940
-0.52627534,4.448535,-2.0400565,235.0,12748880,9,99,3685,4941
-0.4981555,4.444477,-2.036673,321.0,12800320,13,99,4686,4933
-0.468084,4.42132,-2.0244079,488.0,12849440,21,99,7397,4904
-0.44130936,4.4277153,-2.0260997,678.0,12900000,32,99,10247,4908
-0.41370717,4.425829,-2.0239851,684.0,12946640,32,99,10134,4903
-0.38542786,4.415647,-2.018064,755.0,12995560,36,99,10314,4889
-0.35765973,4.409801,-2.0142574,729.0,13043000,35,99,10332,4880
-0.33059496,4.4119124,-2.0142574,721.0,13091720,35,99,10210,4880
-0.30307657,4.40753,-2.011297,712.0,13140480,34,99,10275,4873
-0.2755095,4.401168,-2.0074906,712.0,13187720,34,99,9955,4864
-0.24823964,4.398252,-2.0053759,699.0,13239200,33,99,10099,4859
-0.22083043,4.3915477,-2.0015695,711.0,13286080,34,99,9994,4850
-0.19343123,4.382862,-1.9969172,682.0,13339360,32,99,10137,4839
-0.16642906,4.3812504,-1.9956484,646.0,13383560,30,99,9947,4836
-0.13942423,4.3785663,-1.9939567,692.0,13434560,33,99,10138,4832
-0.11231373,4.3702807,-1.9897274,750.0,13480840,36,99,9898,4822
-0.0854589,4.369076,-1.9888815,755.0,13531000,36,99,9926,4820
-0.058610044,4.3668,-1.9876126,693.0,13583200,33,99,9911,4817
-0.0317774,4.3625464,-1.985498,742.0,13630520,36,99,9570,4812
-0.0050010676,4.359035,-1.9838063,721.0,13679280,34,99,9692,4808
0.02176015,4.362608,-1.985498,768.0,13725520,37,99,9498,4812
0.048528202,4.3623924,-1.985498,743.0,13773120,36,99,9616,4812
0.07523536,4.3583884,-1.9838063,725.0,13826112,35,99,9605,4808
0.10199683,4.358751,-1.9842292,721.0,13872512,34,99,9522,4809
0.1285844,4.3526077,-1.9816916,812.0,13920232,40,99,9598,4803
0.15516332,4.3481145,-1.9799998,764.0,13970392,37,99,9358,4799
0.18213591,4.354324,-1.9833833,705.0,14018952,33,99,9587,4807
0.20897776,4.3558397,-1.9846522,771.0,14067032,37,99,9507,4810
0.23598939,4.359905,-1.9871898,756.0,14115032,36,99,9332,4816
0.26246855,4.353852,-1.985075,741.0,14164312,35,99,9524,4811
0.28911912,4.3512554,-1.9846522,789.0,14217272,38,99,9141,4810
0.31568298,4.347592,-1.9838063,712.0,14266512,34,99,9375,4808
0.34277514,4.3509936,-1.9863439,736.0,14311432,35,99,9399,4814
0.36999676,4.3551292,-1.9893044,750.0,14363272,36,99,9428,4821
0.396631,4.3518744,-1.9888815,762.0,14412872,37,99,9426,4820
0.42367378,4.352967,-1.9905732,766.0,14456872,37,99,9592,4824
0.45083734,4.3547926,-1.9926878,753.0,14510232,36,99,9171,4829
0.47813722,4.3573494,-1.9952254,729.0,14557272,35,99,9205,4835
0.50538194,4.3588347,-1.9973402,731.0,14608632,35,99,9198,4840
0.5328809,4.3619485,-2.0003006,721.0,14657512,34,99,9213,4847
0.560208,4.363091,-2.0024154,763.0,14703392,37,99,9236,4852
0.58780926,4.365859,-2.0053759,729.0,14749992,35,99,9245,4859
0.61483777,4.363965,-2.0062218,744.0,14799912,36,99,9482,4861
0.6418651,4.361903,-2.0070677,738.0,14850592,35,99,9257,4863
0.6691634,4.361466,-2.0087595,781.0,14897792,38,99,9542,4867
0.69761705,4.3680177,-2.0138347,778.0,14949352,38,99,10064,4879
0.7248482,4.366337,-2.0151033,758.0,14998432,36,99,9639,4882
0.7536153,4.373418,-2.0206015,739.0,15046072,35,99,9914,4895
0.78186256,4.3767414,-2.0244079,754.0,15094104,36,99,10026,4904
0.808703,4.3718615,-2.0244079,726.0,15145424,35,99,9829,4904
0.8372075,4.375719,-2.0286374,726.0,15193464,35,99,9945,4914
0.86666423,4.3838363,-2.0349813,809.0,15242224,40,99,10325,4929
0.89444846,4.3828764,-2.037096,774.0,15288984,38,99,9976,4934
0.92188185,4.3799663,-2.038365,722.0,15336704,34,99,9988,4937
0.9506519,4.383085,-2.0425942,721.0,15385864,34,99,9883,4947
0.98067486,4.391322,-2.0493612,739.0,15435224,35,99,9980,4963
1.011643,4.402889,-2.0578198,747.0,15487104,36,99,9766,4983
1.0394696,4.400127,-2.0595114,727.0,15530464,36,99,9378,4987
1.0675133,4.39807,-2.0616262,718.0,15584264,35,99,10007,4992
1.0955709,4.3958344,-2.063741,740.0,15628864,37,99,9651,4997
1.1247598,4.3978105,-2.0679703,693.0,15681424,34,99,9909,5007
1.1553887,4.404854,-2.074737,722.0,15729304,36,99,9903,5023
1.1870841,4.4151874,-2.083196,720.0,15776504,36,99,9777,5043
1.2163113,4.415685,-2.0870023,721.0,15826264,36,99,9654,5052
1.247551,4.422969,-2.0941923,707.0,15875864,35,99,9784,5069
1.2766707,4.4221973,-2.0975757,715.0,15923984,35,99,9947,5077
1.3060837,4.4221044,-2.101382,683.0,15970384,33,99,9990,5086
1.3381557,4.4304934,-2.109418,756.0,16023104,38,99,9995,5105
1.3682474,4.431726,-2.1140702,714.0,16067624,35,99,9798,5116
1.3978608,4.431027,-2.1178765,701.0,16120224,35,99,9917,5125
1.4289026,4.434445,-2.1237977,681.0,16170544,33,99,9993,5139
1.4603214,4.438509,-2.1301417,706.0,16218784,35,99,9501,5154
1.4909806,4.4397764,-2.135217,506.0,16266064,23,99,6755,5166
1.5322572,4.471704,-2.1555176,180.0,16315944,8,99,3996,5214
1.5548946,4.4485273,-2.1487508,53.0,16362864,2,99,2741,5198
1.5933895,4.4704947,-2.1643994,408.0,16409936,19,99,7636,5235
1.6325209,4.4930077,-2.180471,627.0,16458576,31,99,9028,5273
1.663198,4.4914064,-2.1847003,606.0,16509576,30,99,8012,5283
1.6926403,4.4862056,-2.1872377,630.0,16559096,31,99,9314,5289
1.726622,4.4926577,-2.1956966,624.0,16606656,31,99,9049,5309
1.7604169,4.4980173,-2.2037323,624.0,16657136,31,99,9225,5328
1.7960157,4.507341,-2.2138827,571.0,16704096,28,99,8948,5352
1.8334943,4.520596,-2.226148,556.0,16754336,28,99,8625,5381
1.8674078,4.5243435,-2.2337606,561.0,16800576,28,99,8361,5399
1.9112399,4.551246,-2.2532156,270.0,16849816,12,99,3977,5445
17.319891,7.844296,-8.823504,25.0,22808824,14,99,3644,20980
21.227276,8.085764,-10.551192,41.0,23296456,28,99,4379,25065
23.256586,8.051286,-11.435971,32.0,23540216,27,99,4104,27157
24.16531,8.035327,-11.835222,44.0,23635016,36,99,4227,28101
-19.09248,5.4347386,-9.519566,22.0,927352,9,100,3055,22035
-2.0776598,5.0250616,-2.570523,348.0,8108952,9,100,7209,6034
-2.023775,4.98095,-2.5409913,474.0,8157512,12,100,8203,5966
-1.9701774,4.935531,-2.5110254,585.0,8207912,15,100,8304,5897
-1.9296838,4.921522,-2.4975626,612.0,8257992,16,100,8569,5866
-1.8900827,4.9088845,-2.4849682,644.0,8305032,17,100,8881,5837
-1.8497561,4.8934183,-2.471071,687.0,8355592,18,100,8869,5805
-1.8103163,4.879333,-2.4580424,663.0,8403072,17,100,8855,5775
-1.7732716,4.8708754,-2.4480536,714.0,8453392,18,100,8855,5752
-1.7348876,4.857905,-2.4358935,696.0,8499792,18,100,9220,5724
-1.6979182,4.8480496,-2.4254708,686.0,8548832,17,100,8775,5700
-1.6611353,4.837924,-2.415048,670.0,8598224,17,100,9044,5676
-1.6196687,4.8130126,-2.397242,662.0,8649704,17,100,8966,5635
-1.5844792,4.805746,-2.3885562,736.0,8698184,19,100,8958,5615
-1.5516489,4.8050885,-2.383345,725.0,8748264,18,100,8816,5603
-1.5186154,4.803351,-2.3776991,782.0,8794824,20,100,8745,5590
-1.483803,4.7953634,-2.3690133,737.0,8843824,19,100,8778,5570
-1.4509679,4.793167,-2.3633676,732.0,8891424,18,100,8771,5557
-1.4192355,4.794204,-2.359459,717.0,8940304,18,100,8878,5548
-1.3865465,4.791571,-2.3538132,484.0,8989784,10,100,3784,5535
-1.3583416,4.8043237,-2.3559847,28.0,9036264,1,100,804,5540
-1.326447,4.803883,-2.3516417,23.0,9087424,1,100,801,5530
-1.296245,4.8093214,-2.350339,32.0,9134864,1,100,929,5527
-1.2655693,4.812828,-2.3481674,18.0,9188104,1,100,829,5522
-1.2293248,4.7943206,-2.3351388,18.0,9232544,1,100,748,5492
-1.1985784,4.796529,-2.3325331,13.0,9283864,1,100,810,5486
-1.0402014,4.7817383,-2.308213,8.0,9527624,1,100,768,5430
-0.9389227,4.733796,-2.2756414,11.0,9674744,1,100,808,5355
-0.8815792,4.7493906,-2.2778127,17.0,9769144,1,100,756,5360
-0.8498899,4.7405224,-2.2708642,11.0,9819384,1,100,758,5344
-0.53027076,4.547488,-2.156212,28.0,10306176,1,100,1181,5080
-0.49147764,4.451264,-2.1080062,378.0,10359496,7,100,4742,4969
-0.46406344,4.4533,-2.1075718,487.0,10406656,10,100,4912,4968
-0.43629465,4.4515805,-2.1054003,485.0,10457896,10,100,4888,4963
-0.40611875,4.422776,-2.0902004,694.0,10507056,15,100,8406,4928
-0.3785934,4.420697,-2.088029,751.0,10552296,17,100,9060,4923
-0.35096782,4.416651,-2.0849888,779.0,10598976,18,100,8680,4916
-0.3231462,4.4088383,-2.0802116,753.0,10648776,17,100,8898,4905
-0.29585007,4.407143,-2.0784745,767.0,10699656,17,100,8902,4901
-0.26820916,4.3989844,-2.0736973,745.0,10746856,17,100,8814,4890
-0.24067952,4.390653,-2.0689201,755.0,10798896,17,100,8792,4879
-0.21317638,4.3803506,-2.0632744,668.0,10847056,14,100,7849,4866
-0.18715538,4.402276,-2.0732632,307.0,10895616,6,100,4145,4889
-0.15911974,4.374535,-2.059366,259.0,10942616,5,100,3592,4857
-0.13209058,4.3691263,-2.056326,307.0,10994816,6,100,3400,4850
-0.105404645,4.3752575,-2.0589316,352.0,11042696,7,100,4659,4856
-0.07829635,4.3605113,-2.0515487,666.0,11091776,14,100,8436,4839
-0.051607754,4.3672147,-2.0545888,644.0,11138176,14,100,8706,4846
-0.024852606,4.3764567,-2.0589316,722.0,11186248,16,100,8722,4856
0.0020012953,4.376527,-2.0589316,675.0,11235528,15,100,8475,4856
0.028814323,4.3710275,-2.056326,725.0,11284728,16,100,8708,4850
0.05557227,4.366265,-2.0541544,717.0,11336928,16,100,8914,4845
0.08229071,4.3622394,-2.0524173,715.0,11380488,16,100,8919,4841
0.109125495,4.3643537,-2.0537202,702.0,11434448,15,100,8830,4844
0.13590261,4.363602,-2.0537202,662.0,11478968,14,100,8903,4844
0.16246806,4.3572855,-2.0511143,666.0,11530888,15,100,8909,4838
0.18920079,4.3562064,-2.0511143,699.0,11579008,15,100,8885,4838
0.21606283,4.357662,-2.0524173,680.0,11625768,15,100,8779,4841
0.24264391,4.3535566,-2.0511143,698.0,11675568,15,100,8893,4838
0.26935226,4.351986,-2.0511143,708.0,11726088,16,100,8726,4838
0.29623654,4.352947,-2.0524173,677.0,11773528,15,100,8649,4841
0.3228726,4.350149,-2.051983,684.0,11820568,15,100,8470,4840
0.3499968,4.353473,-2.0545888,649.0,11873008,14,100,8532,4846
0.3772525,4.357525,-2.0576286,668.0,11917888,15,100,8496,4853
0.40364644,4.3515406,-2.0558915,653.0,11970528,14,100,8312,4849
0.43060806,4.351671,-2.0571945,702.0,12020208,15,100,8260,4852
0.4581568,4.357009,-2.061103,615.0,12068168,13,100,8283,4861
0.48478174,4.3532205,-2.0606687,665.0,12115608,14,100,8318,4860
0.5113774,4.3492694,-2.0602345,604.0,12165448,13,100,8110,4859
0.5387236,4.351413,-2.0628402,576.0,12212528,12,100,8387,4865
0.56611526,4.353384,-2.065446,641.0,12260088,14,100,8357,4871
0.5936739,4.3560753,-2.068486,641.0,12309128,14,100,8474,4878
0.620775,4.355026,-2.069789,621.0,12360048,13,100,8405,4881
0.6478855,4.353807,-2.0710917,635.0,12409688,14,100,8296,4884
0.6761156,4.35954,-2.0758688,625.0,12457168,13,100,8637,4895
0.7048734,4.367757,-2.081949,637.0,12507680,14,100,8340,4909
0.7315104,4.3624616,-2.0815146,606.0,12554920,13,100,8676,4908
0.7588852,4.36144,-2.0832517,675.0,12605160,15,100,8310,4912
0.7875605,4.3673377,-2.0884633,612.0,12651160,13,100,8513,4924
0.8156722,4.3695054,-2.0919375,651.0,12700560,14,100,8382,4932
0.84435475,4.3741455,-2.0967147,640.0,12748880,14,100,8429,4943
0.87418675,4.383897,-2.1040976,661.0,12800320,14,100,8394,4960
0.9023462,4.3846254,-2.1071377,614.0,12849440,13,100,8352,4967
0.9307352,4.386054,-2.110612,640.0,12900000,14,100,8286,4975
0.9589824,4.3864193,-2.113652,668.0,12946640,14,100,8309,4982
0.9880636,4.390117,-2.1184292,608.0,12995560,13,100,8317,4993
1.0147783,4.3830943,-2.1179948,629.0,13043000,14,100,8517,4992
1.0431188,4.382918,-2.1210349,637.0,13091720,14,100,8380,4999
1.0760051,4.4009295,-2.133195,642.0,13140480,14,100,8377,5027
1.10629,4.4073467,-2.1397092,667.0,13187720,15,100,8285,5042
1.1364685,4.412685,-2.1457891,626.0,13239200,14,100,8343,5056
1.1644461,4.4091115,-2.1475263,633.0,13286080,14,100,8137,5060
1.1921864,4.4044914,-2.1488292,560.0,13339360,12,100,8207,5063
1.2220871,4.407507,-2.1540408,641.0,13383560,14,100,8308,5075
1.2533035,4.414653,-2.1614237,636.0,13434560,14,100,8212,5092
1.283393,4.417257,-2.166635,601.0,13480840,13,100,8213,5104
1.3156208,4.4265633,-2.1753209,615.0,13531000,14,100,8169,5124
1.3459092,4.4287467,-2.1805322,641.0,13583200,14,100,8268,5136
1.376274,4.4307246,-2.1857438,645.0,13630520,14,100,8122,5148
1.408353,4.437647,-2.1935608,656.0,13679280,15,100,8098,5166
1.4402901,4.4434843,-2.2009437,573.0,13725520,13,100,8042,5183
1.4723517,4.4490967,-2.2083268,649.0,13773120,15,100,8199,5200
1.5033802,4.45107,-2.2139723,628.0,13826112,14,100,7804,5213
1.5368421,4.45964,-2.2230926,573.0,13872512,13,100,7789,5234
1.5692676,4.4645686,-2.2304754,597.0,13920232,13,100,7697,5251
1.5990695,4.461637,-2.2339497,582.0,13970392,13,100,7895,5259
1.6288943,4.458508,-2.237424,568.0,14018952,13,100,7958,5267
1.6650416,4.472058,-2.249584,549.0,14067032,12,100,7693,5295
1.6946918,4.467651,-2.252624,574.0,14115032,13,100,6559,5302
1.7402936,4.504206,-2.2769442,447.0,14164312,9,100,5895,5358
1.7721949,4.5043364,-2.28259,466.0,14217272,10,100,6434,5371
1.8075197,4.5126033,-2.2925787,541.0,14266512,12,100,6741,5394
1.8436939,4.522273,-2.3034358,534.0,14311432,12,100,6656,5419
1.881784,4.5358267,-2.3164644,451.0,14363272,10,100,6314,5449
1.9162484,4.539957,-2.3247159,442.0,14412872,10,100,6521,5468
1.9643649,4.5752764,-2.3494704,194.0,14456872,4,100,2601,5525
-22.816637,5.4666257,-11.651319,30.0,1415872,18,101,3177,26216
-22.389044,5.5096335,-11.44912,38.0,1463592,20,101,2594,25763
-20.369238,5.6804857,-10.496154,25.0,1708272,13,101,2642,23628
-19.10236,5.5806317,-9.874829,41.0,1810512,15,101,2894,22236
-2.069347,5.0213275,-2.657285,333.0,8940304,9,101,6987,6066
-2.0197003,4.9874773,-2.6322892,448.0,8989784,13,101,7236,6010
-1.977159,4.96984,-2.6162205,493.0,9036264,14,101,7800,5974
-1.9303544,4.9401994,-2.5939028,505.0,9087424,14,101,8068,5924
-1.8887936,4.9227066,-2.5782804,540.0,9134864,15,101,8500,5889
-1.8437381,4.8948407,-2.5573018,589.0,9188104,16,101,8160,5842
-1.803747,4.8792,-2.5430183,588.0,9232544,16,101,8316,5810
-1.7652376,4.866619,-2.5305204,651.0,9283864,18,101,8497,5782
-1.728749,4.858809,-2.5207007,628.0,9330304,18,101,8527,5760
-1.6915394,4.8482003,-2.5095417,644.0,9380664,17,101,8735,5735
-1.6556828,4.840706,-2.5001683,644.0,9432184,17,101,8498,5714
-1.6191295,4.830409,-2.489456,620.0,9479664,17,101,8733,5690
-1.5819284,4.8172956,-2.4774044,665.0,9527624,18,101,8620,5663
-1.547413,4.8115764,-2.46937,720.0,9574944,20,101,8583,5645
-1.512222,4.8030543,-2.4599965,714.0,9622744,20,101,8218,5624
-1.477984,4.796848,-2.4519622,744.0,9674744,21,101,8282,5606
-1.4462012,4.798115,-2.447945,700.0,9720864,19,101,8403,5597
-1.4152168,4.801748,-2.445267,678.0,9769144,18,101,7556,5591
-1.3921615,4.8327,-2.456872,174.0,9819384,3,101,1174,5617
-1.355701,4.81703,-2.444374,29.0,9868096,1,101,731,5589
-1.3258818,4.8243947,-2.4439278,23.0,9916256,1,101,712,5588
-1.2955601,4.8298464,-2.4425888,21.0,9964056,1,101,763,5585
-1.2652215,4.835108,-2.4412496,30.0,10013016,1,101,626,5582
-1.2335413,4.8349757,-2.4372325,14.0,10066416,1,101,633,5573
-1.1623379,4.8010406,-2.4122367,12.0,10160296,1,101,609,5517
-1.1287578,4.790661,-2.4033096,22.0,10212976,1,101,586,5497
-1.0617245,4.767464,-2.3845627,11.0,10306176,1,101,662,5455
-1.02414,4.735403,-2.3649232,10.0,10359496,1,101,579,5411
-0.98955864,4.715323,-2.3515325,14.0,10406656,1,101,648,5381
-0.95900387,4.7134132,-2.3475153,10.0,10457896,1,101,633,5372
-0.9266093,4.7016487,-2.3385882,13.0,10507056,1,101,657,5352
-0.8987474,4.71252,-2.3412664,19.0,10552296,1,101,686,5358
-0.8719209,4.729387,-2.347069,11.0,10598976,1,101,652,5371
-0.84539086,4.7487445,-2.3542106,10.0,10648776,1,101,669,5387
-0.516606,4.478722,-2.197094,323.0,11138176,6,101,3850,5035
-0.48611423,4.45423,-2.183257,443.0,11186248,9,101,4618,5004
-0.45859173,4.4553485,-2.1823645,447.0,11235528,9,101,4348,5002
-0.43047264,4.450062,-2.178347,667.0,11284728,15,101,7428,4993
-0.4019532,4.439251,-2.1716518,732.0,11336928,16,101,8588,4978
-0.3737326,4.4300413,-2.1658492,780.0,11380488,18,101,8394,4965
-0.346057,4.4260063,-2.1627247,731.0,11434448,16,101,8579,4958
-0.31889302,4.428046,-2.1627247,716.0,11478968,16,101,8666,4958
-0.29113182,4.42099,-2.1582613,756.0,11530888,17,101,8545,4948
-0.26288578,4.4039345,-2.1488879,735.0,11579008,17,101,9378,4927
-0.23571612,4.402784,-2.1475487,675.0,11625768,15,101,7373,4924
-0.20604596,4.3478336,-2.1194284,149.0,11675568,3,101,3338,4861
-0.1770957,4.2935815,-2.0917544,126.0,11726088,2,101,4080,4799
-0.15127619,4.3097906,-2.0993426,122.0,11773528,2,101,3335,4816
-0.12518758,4.3231606,-2.1055915,119.0,11820568,2,101,2566,4830
-0.10034941,4.398996,-2.1430852,648.0,11873008,14,101,5785,4914
-0.07306306,4.381634,-2.1341581,763.0,11917888,17,101,8169,4894
-0.046149045,4.379316,-2.1328192,758.0,11970528,17,101,8363,4891
-0.019244298,4.371463,-2.1288018,773.0,12020208,18,101,8379,4882
0.0075623384,4.363445,-2.1247847,749.0,12068168,17,101,8413,4873
0.034335792,4.3633165,-2.1247847,724.0,12115608,16,101,8565,4873
0.061146397,4.365708,-2.1261237,764.0,12165448,17,101,8059,4876
0.08787781,4.3625665,-2.1247847,783.0,12212528,18,101,8290,4873
0.114525385,4.3574724,-2.1225529,672.0,12260088,15,101,8298,4868
0.14128946,4.357582,-2.1229992,753.0,12309128,17,101,8445,4869
0.16798964,4.355739,-2.1225529,713.0,12360048,16,101,8594,4868
0.1947128,4.354626,-2.1225529,689.0,12409688,15,101,8284,4868
0.22161157,4.356924,-2.1243384,754.0,12457168,17,101,8365,4872
0.24864833,4.3608427,-2.1270165,722.0,12507680,16,101,8373,4878
0.2754013,4.359235,-2.1270165,747.0,12554920,17,101,8312,4878
0.30177075,4.352107,-2.1243384,701.0,12605160,16,101,8155,4872
0.3284691,4.3501735,-2.1243384,746.0,12651160,17,101,8133,4872
0.35574016,4.355211,-2.1279092,690.0,12700560,15,101,8143,4880
0.38308537,4.3600774,-2.13148,761.0,12748880,17,101,8296,4888
0.409747,4.356754,-2.1310337,767.0,12800320,17,101,8293,4887
0.43656138,4.355048,-2.13148,700.0,12849440,15,101,8212,4888
0.4637502,4.356736,-2.1337118,783.0,12900000,18,101,8262,4893
0.4921817,4.368925,-2.1412997,746.0,12946640,17,101,8208,4910
0.51982695,4.3729315,-2.1448708,764.0,12995560,17,101,8107,4918
0.5466489,4.3696594,-2.1448708,790.0,13043000,18,101,8394,4918
0.5734504,4.3662233,-2.1448708,755.0,13091720,17,101,8106,4918
0.60059696,4.3652816,-2.1462097,752.0,13140480,17,101,8231,4921
0.62839204,4.3686,-2.1497805,731.0,13187720,16,101,8198,4929
0.65691596,4.376166,-2.1555831,750.0,13239200,17,101,8167,4942
0.68500215,4.380009,-2.1596003,785.0,13286080,18,101,8104,4951
0.71229637,4.378373,-2.1609395,745.0,13339360,17,101,8212,4954
0.7392975,4.3748026,-2.1613858,831.0,13383560,19,101,8204,4955
0.7659721,4.3693023,-2.1609395,723.0,13434560,16,101,8194,4954
0.7937284,4.369803,-2.1636176,749.0,13480840,17,101,8005,4960
0.82350683,4.3806796,-2.1716518,753.0,13531000,17,101,8054,4978
0.8534485,4.3913546,-2.1796863,773.0,13583200,19,101,8133,4996
0.8812592,4.390422,-2.1819181,714.0,13630520,17,101,8064,5001
0.90945405,4.391065,-2.1850426,822.0,13679280,20,101,7865,5008
0.9386255,4.395903,-2.1903987,724.0,13725520,17,101,8105,5020
0.9673131,4.3979263,-2.194416,779.0,13773120,19,101,7976,5029
0.9960607,4.3997626,-2.1984332,765.0,13826112,18,101,7934,5038
1.0250704,4.4022827,-2.2028966,797.0,13872512,19,101,7917,5048
1.0531058,4.4002614,-2.2051284,749.0,13920232,18,101,7894,5053
1.0824382,4.403275,-2.2100384,739.0,13970392,17,101,7752,5064
1.1131624,4.411299,-2.2176263,713.0,14018952,17,101,7788,5081
1.1429031,4.4147806,-2.2229826,695.0,14067032,16,101,7867,5093
1.1718088,4.4146037,-2.2265534,688.0,14115032,16,101,7806,5101
1.201696,4.417691,-2.2319098,666.0,14164312,15,101,7984,5113
1.2343099,4.4300594,-2.2421758,775.0,14217272,19,101,8047,5136
1.2654006,4.43617,-2.2493174,690.0,14266512,16,101,7739,5152
1.2953576,4.4377704,-2.2542274,720.0,14311432,17,101,8000,5163
1.3241004,4.434883,-2.2569056,703.0,14363272,16,101,7753,5169
1.3583485,4.4497814,-2.2689571,686.0,14412872,17,101,7454,5196
1.390428,4.456738,-2.2769914,710.0,14456872,18,101,7752,5214
1.4207399,4.4575,-2.2819014,677.0,14510232,17,101,7947,5225
1.4511133,4.458058,-2.286811,709.0,14557272,18,101,7646,5236
1.4846538,4.4677505,-2.296631,652.0,14608632,16,101,7607,5258
1.5175048,4.4746566,-2.3051116,682.0,14657512,17,101,7819,5277
1.549032,4.4770994,-2.3113606,677.0,14703392,17,101,7752,5291
1.5782619,4.4725733,-2.3140388,633.0,14749992,15,101,7500,5297
1.6123457,4.4813275,-2.3238585,708.0,14799912,18,101,7613,5319
1.6444376,4.4839506,-2.330554,655.0,14850592,16,101,7773,5334
1.6785032,4.491377,-2.3399274,655.0,14897792,16,101,7408,5355
1.7162267,4.507752,-2.3542106,619.0,14949352,15,101,6299,5387
1.7467673,4.5046444,-2.358228,610.0,14998432,15,101,7351,5396
1.7832541,4.516312,-2.3702793,552.0,15046072,14,101,7019,5423
1.8212855,4.531021,-2.3841164,591.0,15094104,15,101,7188,5454
1.858886,4.5437765,-2.3970606,587.0,15145424,15,101,6846,5483
1.8929256,4.547154,-2.405095,506.0,15193464,12,101,6059,5501
1.9239336,4.5428686,-2.4091122,185.0,15242224,4,101,2598,5510
19.198687,7.9077673,-10.305115,43.0,21440872,18,101,3474,23200
22.221966,8.055174,-11.738358,45.0,21780904,24,101,2879,26411
-24.846664,5.3223176,-13.023819,25.0,2054304,23,102,2940,28574
-23.866219,5.26572,-12.524617,20.0,2101384,18,102,2832,27483
-23.74935,5.3929667,-12.480233,38.0,2152704,27,102,2856,27386
-22.746714,5.459721,-11.985607,47.0,2246904,30,102,3250,26305
-18.986198,5.682281,-10.146202,32.0,2689264,16,102,2871,22285
-2.057311,5.003612,-2.7318418,97.0,9769144,3,102,4198,6081
-2.0215714,5.003776,-2.7249782,438.0,9819384,16,102,6953,6066
-1.979999,4.988816,-2.7098787,380.0,9868096,14,102,7740,6033
-1.9341625,4.9619374,-2.688373,430.0,9916256,16,102,7877,5986
-1.8884128,4.933855,-2.6664102,506.0,9964056,19,102,8179,5938
-1.8437073,4.907065,-2.6453621,540.0,10013016,20,102,8360,5892
-1.8015571,4.885752,-2.6275172,529.0,10066416,20,102,8509,5853
-1.7636737,4.8749766,-2.6156206,545.0,10115016,20,102,8253,5827
-1.7230148,4.855542,-2.5991483,577.0,10160296,22,102,8352,5791
-1.6861706,4.84587,-2.5881667,615.0,10212976,23,102,8594,5767
-1.650372,4.838454,-2.578558,664.0,10261936,24,102,8663,5746
-1.6150104,4.8316245,-2.5694067,578.0,10306176,21,102,8513,5726
-1.5773023,4.81694,-2.5561373,686.0,10359496,25,102,8635,5697
-1.5439119,4.8146744,-2.5497315,731.0,10406656,27,102,8430,5683
-1.511675,4.815574,-2.5451558,704.0,10457896,26,102,8517,5673
-1.479224,4.8154097,-2.5401225,724.0,10507056,27,102,8507,5662
-1.4450392,4.8090687,-2.5318863,693.0,10552296,25,102,8287,5644
-1.4094826,4.797372,-2.520905,592.0,10598976,21,102,5907,5620
-1.3903375,4.8418217,-2.5401225,73.0,10648776,2,102,879,5662
-1.3569963,4.8374205,-2.5332592,32.0,10699656,1,102,770,5647
-1.3272889,4.845656,-2.5332592,27.0,10746856,1,102,699,5647
-1.294773,4.8434014,-2.5277684,31.0,10798896,1,102,567,5635
-1.2618855,4.83921,-2.5213625,37.0,10847056,1,102,553,5621
-1.2277824,4.8296275,-2.5122113,9.0,10895616,1,102,635,5601
-1.0813501,4.7378154,-2.4486098,13.0,11091776,1,102,556,5462
-1.0501384,4.734813,-2.4435766,13.0,11138176,1,102,610,5451
-1.0158175,4.7168303,-2.430765,7.0,11186248,1,102,488,5423
-0.9850352,4.714271,-2.4261892,7.0,11235528,1,102,531,5413
-0.92282397,4.7041917,-2.41475,5.0,11336928,1,102,555,5388
-0.8664732,4.7230325,-2.4188683,6.0,11434448,1,102,496,5397
-0.57821,4.5572534,-2.3117983,6.0,11873008,1,102,436,5163
-0.5396651,4.4733243,-2.2664995,145.0,11917888,4,102,2206,5064
-0.511599,4.471251,-2.2637541,453.0,11970528,13,102,4782,5058
-0.4829071,4.462814,-2.2578058,452.0,12020208,13,102,4421,5045
-0.45379493,4.4488864,-2.2491121,494.0,12068168,14,102,5643,5026
-0.42572278,4.443621,-2.2449942,720.0,12115608,23,102,8440,5017
-0.39725444,4.4328656,-2.2381306,775.0,12165448,25,102,8259,5002
-0.3690084,4.422815,-2.2317247,727.0,12212528,23,102,8223,4988
-0.34103823,4.4143577,-2.226234,684.0,12260088,21,102,8211,4976
-0.31356582,4.4110456,-2.2234886,720.0,12309128,22,102,8329,4970
-0.28661004,4.414661,-2.2244036,694.0,12360048,21,102,9454,4972
-0.25956923,4.4172244,-2.2248614,676.0,12409688,20,102,7737,4973
-0.23227276,4.415182,-2.223031,246.0,12457168,6,102,3512,4969
-0.1982382,4.2681937,-2.146618,360.0,12507680,10,102,5905,4802
-0.17172042,4.261334,-2.1425,358.0,12554920,9,102,5089,4793
-0.14955449,4.3778315,-2.2019832,198.0,12605160,5,102,3179,4923
-0.121807955,4.347558,-2.1859684,302.0,12651160,8,102,3501,4888
-0.09589947,4.382893,-2.2038133,706.0,12700560,21,102,8405,4927
-0.0689333,4.3789535,-2.2015254,732.0,12748880,22,102,8587,4922
-0.04197494,4.370403,-2.19695,689.0,12800320,21,102,8750,4912
-0.015151111,4.3687997,-2.196035,728.0,12849440,22,102,8755,4910
0.011649384,4.366143,-2.194662,713.0,12900000,22,102,8534,4907
0.038439315,4.365989,-2.194662,789.0,12946640,25,102,8781,4907
0.06529276,4.3701167,-2.19695,811.0,12995560,25,102,8846,4912
0.092069164,4.367856,-2.196035,760.0,13043000,23,102,8808,4910
0.11884419,4.3663197,-2.1955771,796.0,13091720,25,102,8831,4909
0.14531028,4.355733,-2.1905441,721.0,13140480,22,102,8917,4898
0.1718946,4.3512053,-2.1887138,801.0,13187720,25,102,8847,4894
0.19879115,4.35451,-2.1910017,746.0,13239200,23,102,8967,4899
0.22610037,4.3647523,-2.19695,775.0,13286080,24,102,8620,4912
0.2530312,4.365946,-2.1983225,797.0,13339360,25,102,8654,4915
0.2797022,4.3625364,-2.1974075,803.0,13383560,25,102,8563,4913
0.30677515,4.365173,-2.1996953,737.0,13434560,23,102,8806,4918
0.33301368,4.356116,-2.196035,793.0,13480840,25,102,8388,4910
0.35980895,4.3548765,-2.1964924,761.0,13531000,23,102,8625,4911
0.38746354,4.3632154,-2.2019832,768.0,13583200,24,102,8385,4923
0.41447982,4.3634114,-2.2033558,809.0,13630520,25,102,8353,4926
0.44088852,4.3572474,-2.2015254,784.0,13679280,24,102,8191,4922
0.4681837,4.3597646,-2.2042708,732.0,13725520,22,102,8348,4928
0.49582657,4.364762,-2.208389,750.0,13773120,23,102,8186,4937
0.52280986,4.363403,-2.209304,766.0,13826112,24,102,8329,4939
0.5496843,4.3609953,-2.2097616,754.0,13872512,23,102,8342,4940
0.57840997,4.3725266,-2.2175403,810.0,13920232,25,102,8271,4957
0.6060805,4.3750606,-2.2207432,768.0,13970392,24,102,8318,4964
0.6330411,4.3721395,-2.2212007,743.0,14018952,23,102,8424,4965
0.6605187,4.372569,-2.2234886,752.0,14067032,23,102,7998,4970
0.68885297,4.3780966,-2.2285218,791.0,14115032,25,102,8234,4981
0.71584684,4.374665,-2.2289793,754.0,14164312,23,102,8403,4982
0.7437166,4.376327,-2.2321823,755.0,14217272,24,102,8271,4989
0.77224994,4.3813143,-2.2372155,710.0,14266512,23,102,8257,5000
0.800713,4.385241,-2.2417912,760.0,14311432,25,102,8347,5010
0.82892364,4.3872356,-2.2454517,786.0,14363272,26,102,8283,5018
0.8576994,4.391667,-2.250485,791.0,14412872,26,102,8131,5029
0.8851565,4.3889365,-2.2518575,700.0,14456872,22,102,8097,5032
0.9140593,4.392999,-2.2568908,709.0,14510232,23,102,8057,5043
0.9423004,4.393394,-2.2600937,772.0,14557272,25,102,7993,5050
0.9715383,4.397949,-2.2655845,712.0,14608632,23,102,8221,5062
1.0016549,4.405779,-2.2729056,735.0,14657512,24,102,8348,5078
1.0302867,4.406477,-2.276566,716.0,14703392,23,102,8107,5086
1.0587573,4.406125,-2.279769,715.0,14749992,23,102,8302,5093
1.0874751,4.406452,-2.2834294,722.0,14799912,23,102,8156,5101
1.1179812,4.413489,-2.2907505,715.0,14850592,23,102,8069,5117
1.1486144,4.4203167,-2.2980714,700.0,14897792,22,102,8166,5133
1.1789162,4.4252157,-2.3044775,712.0,14949352,23,102,8126,5147
1.2069823,4.4213305,-2.3063076,734.0,14998432,23,102,8070,5151
1.2379149,4.4275436,-2.3136287,657.0,15046072,21,102,8132,5167
1.2694578,4.435253,-2.3218648,680.0,15094104,23,102,8252,5185
1.2993942,4.436768,-2.3268979,717.0,15145424,24,102,8323,5196
1.3291422,4.43723,-2.3314736,658.0,15193464,22,102,8048,5206
1.3584243,4.4357934,-2.335134,737.0,15242224,25,102,8188,5214
1.3914533,4.446046,-2.3452005,665.0,15288984,22,102,8273,5236
1.4251999,4.4577527,-2.356182,700.0,15336704,23,102,7846,5260
1.4572124,4.463295,-2.3639605,678.0,15385864,23,102,8139,5277
1.4899082,4.470299,-2.3726544,698.0,15435224,23,102,8014,5296
1.5213144,4.4728594,-2.3790603,711.0,15487104,24,102,8183,5310
1.5539727,4.4785633,-2.3872964,712.0,15530464,24,102,8101,5328
1.5870545,4.4848723,-2.3959901,717.0,15584264,24,102,8113,5347
1.6166539,4.480905,-2.399193,651.0,15628864,21,102,8264,5354
1.6496373,4.4859247,-2.4074292,681.0,15681424,24,102,8041,5372
1.686484,4.5007,-2.4211562,638.0,15729304,22,102,6573,5402
1.7223064,4.5118685,-2.4330528,616.0,15776504,21,102,7796,5428
1.758007,4.5219364,-2.4444919,610.0,15826264,21,102,7150,5453
1.7952039,4.5350432,-2.457761,640.0,15875864,22,102,7699,5482
1.8296385,4.5404396,-2.4669125,557.0,15923984,19,102,7103,5502
1.8642068,4.545583,-2.4760637,509.0,15970384,17,102,6581,5522
1.9095148,4.5759144,-2.4993994,307.0,16023104,10,102,3915,5573
20.51716,8.00241,-11.280501,40.0,22414744,23,102,3264,24764
23.81646,7.8046265,-12.844912,18.0,22856064,15,102,2066,28183
-25.699022,5.144491,-13.818666,23.0,2786344,25,103,3424,29650
-25.120777,5.1893454,-13.5234995,39.0,2833424,34,103,3563,29019
-21.505146,5.5558934,-11.702917,35.0,3225424,25,103,3644,25127
-21.394608,5.667613,-11.661285,43.0,3273024,27,103,3476,25038
-19.544477,5.8250074,-10.741171,20.0,3515056,13,103,3154,23071
-17.844538,5.678397,-9.858479,23.0,3664576,13,103,3404,21184
-17.204945,5.5915084,-9.522147,32.0,3714736,14,103,3520,20465
-2.0084772,4.960683,-2.7800984,87.0,10648776,5,103,4714,6052
-1.981929,4.982765,-2.7857118,329.0,10699656,18,103,7658,6064
-1.9442279,4.9767265,-2.7754207,336.0,10746856,19,103,8404,6042
-1.8974766,4.9464893,-2.7515643,402.0,10798896,23,103,8668,5991
-1.8517942,4.9175215,-2.7286432,445.0,10847056,25,103,8928,5942
-1.8096102,4.8964686,-2.7103999,475.0,10895616,27,103,8858,5903
-1.7734925,4.8908668,-2.7010443,447.0,10942616,25,103,8883,5883
-1.7360272,4.880844,-2.6893501,525.0,10994816,29,103,8721,5858
-1.6955428,4.8613696,-2.6725101,536.0,11042696,30,103,9305,5822
-1.6536431,4.8365664,-2.6528635,497.0,11091776,28,103,9282,5780
-1.6214019,4.8390813,-2.6486535,542.0,11138176,31,103,9018,5771
-1.5905739,4.845581,-2.6467824,599.0,11186248,34,103,9273,5767
-1.5521336,4.8283305,-2.6318135,692.0,11235528,39,103,9090,5735
-1.5134331,4.8091063,-2.6159093,653.0,11284728,37,103,9472,5701
-1.4771141,4.7963457,-2.6037471,612.0,11336928,34,103,9336,5675
-1.4438214,4.792628,-2.5967305,575.0,11380488,32,103,9134,5660
-1.4148881,4.803092,-2.597666,515.0,11434448,27,103,5841,5662
-1.3861262,4.8142304,-2.5990694,68.0,11478968,3,103,865,5665
-1.3601613,4.8354044,-2.606086,40.0,11530888,1,103,807,5680
-1.3276483,4.833434,-2.6004727,24.0,11579008,1,103,648,5668
-1.2988843,4.8449035,-2.6023438,38.0,11625768,1,103,619,5672
-1.2610551,4.8220057,-2.5855038,10.0,11675568,1,103,682,5636
-1.0824473,4.72749,-2.514402,9.0,11917888,1,103,586,5484
-1.0503358,4.7202415,-2.5069175,12.0,11970528,1,103,503,5468
-0.98686785,4.706829,-2.4928844,12.0,12068168,1,103,494,5438
-0.9322922,4.735059,-2.501772,11.0,12165448,1,103,496,5457
-0.81881094,4.7739325,-2.5111275,10.0,12360048,1,103,468,5477
-0.5660984,4.439129,-2.316065,13.0,12700560,1,103,1284,5060
-0.54035145,4.454801,-2.322614,295.0,12748880,13,103,4681,5074
-0.51259965,4.454521,-2.3207428,378.0,12800320,17,103,5430,5070
-0.48429266,4.4487967,-2.316065,347.0,12849440,16,103,5307,5060
-0.45571086,4.439377,-2.3095162,513.0,12900000,25,103,8955,5046
-0.42846277,4.4420896,-2.3095162,616.0,12946640,31,103,9844,5046
-0.40055615,4.437593,-2.305774,594.0,12995560,30,103,9944,5038
-0.37242126,4.4293995,-2.300161,592.0,13043000,29,103,9698,5026
-0.34440202,4.4210277,-2.2945476,618.0,13091720,31,103,9832,5014
-0.31656367,4.413361,-2.289402,604.0,13140480,30,103,9970,5003
-0.28894973,4.4072833,-2.285192,544.0,13187720,27,103,8849,4994
-0.2617952,4.407209,-2.2842565,368.0,13239200,17,103,5238,4992
-0.22780983,4.280762,-2.216429,202.0,13286080,8,103,5260,4847
-0.20111494,4.273251,-2.2117512,326.0,13339360,14,103,6666,4837
-0.1760755,4.3026633,-2.22672,231.0,13383560,10,103,4695,4869
-0.15336843,4.4070067,-2.2814498,145.0,13434560,6,103,3020,4986
-0.12535611,4.3751764,-2.264142,612.0,13480840,28,103,7024,4949
-0.098653466,4.3820486,-2.2674165,680.0,13531000,33,103,9297,4956
-0.071610525,4.3737345,-2.2627387,675.0,13583200,32,103,9411,4946
-0.044663426,4.36437,-2.2575932,687.0,13630520,33,103,9309,4935
-0.017878827,4.363678,-2.2571254,696.0,13679280,34,103,9325,4934
0.0089002745,4.367241,-2.2589965,671.0,13725520,32,103,9307,4938
0.035684276,4.3653364,-2.258061,666.0,13773120,32,103,9475,4936
0.06242168,4.3615003,-2.2561898,705.0,13826112,34,103,9327,4932
0.089164965,4.3601513,-2.255722,688.0,13872512,33,103,9237,4931
0.115871415,4.357755,-2.2547865,680.0,13920232,33,103,9088,4929
0.14252378,4.354312,-2.2533832,670.0,13970392,32,103,9271,4926
0.16940598,4.3577714,-2.255722,698.0,14018952,34,103,9210,4931
0.19649154,4.364597,-2.259932,686.0,14067032,33,103,9024,4940
0.22326851,4.363309,-2.259932,695.0,14115032,33,103,9051,4940
0.24978848,4.357445,-2.2575932,661.0,14164312,32,103,9063,4935
0.27663082,4.357594,-2.2585287,689.0,14217272,33,103,9177,4937
0.30396873,4.3646326,-2.2632065,694.0,14266512,33,103,9144,4947
0.33048007,4.3591595,-2.2613354,656.0,14311432,31,103,9029,4943
0.35679302,4.351764,-2.2585287,689.0,14363272,33,103,9276,4937
0.38379526,4.353015,-2.2603998,677.0,14412872,32,103,9071,4941
0.41066197,4.3523383,-2.2613354,661.0,14456872,31,103,8860,4943
0.43744725,4.350616,-2.2618032,656.0,14510232,31,103,9009,4944
0.4645057,4.3513656,-2.2636743,676.0,14557272,32,103,9056,4948
0.49237663,4.358974,-2.2692876,694.0,14608632,33,103,8874,4960
0.51911354,4.3558707,-2.2692876,661.0,14657512,32,103,9004,4960
0.5464856,4.357866,-2.2720942,722.0,14703392,35,103,8829,4966
0.57390165,4.359689,-2.274901,667.0,14749992,32,103,8699,4972
0.60231966,4.3683453,-2.2814498,661.0,14799912,32,103,9071,4986
0.6303645,4.3733163,-2.2861276,675.0,14850592,34,103,8887,4996
0.6586235,4.378982,-2.291273,678.0,14897792,34,103,8820,5007
0.68534404,4.373985,-2.2908053,644.0,14949352,32,103,9223,5006
0.71245205,4.3714423,-2.291741,690.0,14998432,35,103,9151,5008
0.7411682,4.3783193,-2.297822,661.0,15046072,33,103,9197,5021
0.76969135,4.3832664,-2.3029673,685.0,15094104,35,103,9606,5032
0.7987752,4.3906374,-2.3095162,697.0,15145424,35,103,9292,5046
0.8265141,4.389997,-2.311855,675.0,15193464,34,103,9701,5051
0.85427517,4.3891816,-2.314194,637.0,15242224,32,103,9517,5056
0.88379085,4.3968577,-2.3212106,687.0,15288984,35,103,9397,5071
0.9123608,4.3991427,-2.3254206,615.0,15336704,31,103,9142,5080
0.9398881,4.396055,-2.326824,636.0,15385864,32,103,9613,5083
0.9693046,4.4014287,-2.332905,652.0,15435224,33,103,9345,5096
0.99901694,4.407469,-2.339454,678.0,15487104,34,103,9257,5110
1.0280404,4.4098654,-2.3441317,674.0,15530464,34,103,9237,5120
1.0565153,4.4094925,-2.3474061,657.0,15584264,33,103,9330,5127
1.0867076,4.4158034,-2.3544228,675.0,15628864,34,103,9309,5142
1.1159387,4.4176235,-2.3591006,695.0,15681424,35,103,9255,5152
1.1458956,4.4218183,-2.3651817,632.0,15729304,32,103,9394,5165
1.1752675,4.4232483,-2.3698592,625.0,15776504,31,103,9398,5175
1.205857,4.428749,-2.3768759,627.0,15826264,33,103,9344,5190
1.237268,4.436595,-2.3852959,613.0,15875864,32,103,9210,5208
1.268095,4.4416714,-2.3923125,634.0,15923984,33,103,9184,5223
1.296807,4.4388986,-2.3951192,610.0,15970384,32,103,9020,5229
1.3262897,4.438482,-2.3993292,614.0,16023104,32,103,9230,5238
1.3601928,4.452244,-2.4114914,584.0,16067624,30,103,9181,5264
1.3903747,4.4530973,-2.416637,617.0,16120224,32,103,9296,5275
1.423832,4.463855,-2.4273958,599.0,16170544,31,103,9287,5298
1.4569275,4.4726877,-2.437219,641.0,16218784,34,103,9238,5319
1.4876816,4.4737315,-2.4428322,585.0,16266064,30,103,9164,5331
1.519353,4.477077,-2.449849,575.0,16315944,30,103,9050,5346
1.5502563,4.477696,-2.4554622,621.0,16362864,32,103,9060,5358
1.5815176,4.478937,-2.4615433,578.0,16409936,31,103,9076,5371
1.6176306,4.4932733,-2.4751089,577.0,16458576,31,103,9049,5400
1.65246,4.5031834,-2.4863355,527.0,16509576,28,103,8846,5424
1.6871629,4.5120063,-2.4970944,541.0,16559096,28,103,7867,5447
1.719211,4.5131364,-2.503643,597.0,16606656,32,103,8418,5461
1.7542068,4.521461,-2.514402,564.0,16657136,30,103,8470,5484
1.7929336,4.5385714,-2.5303063,590.0,16704096,31,103,8559,5518
1.8266709,4.54225,-2.5387263,625.0,16754336,34,103,8767,5536
1.8608549,4.5465035,-2.547614,653.0,16800576,35,103,8657,5555
1.9039761,4.571729,-2.5686638,196.0,16849816,9,103,3382,5600
23.222244,7.4822392,-12.860194,23.0,23733336,17,103,1881,27601
23.27193,7.3409395,-12.862533,18.0,23785216,15,103,2172,27606
23.83357,5.0148897,-12.837741,14.0,24563208,13,103,1968,27553
-17.668459,5.6747365,-10.056637,16.0,1174672,6,104,2698,21129
-17.222803,5.6483073,-9.821272,19.0,1223232,7,104,2715,20637
-1.9218584,5.033358,-2.882292,68.0,8305032,2,104,3936,6132
-1.8604904,4.963625,-2.8349319,287.0,8355592,7,104,6690,6033
-1.8200167,4.947742,-2.8191452,411.0,8403072,10,104,7151,6000
-1.7812954,4.9356813,-2.8057504,424.0,8453392,11,104,7513,5972
-1.7369438,4.9067717,-2.782788,429.0,8499792,10,104,7411,5924
-1.6973237,4.8899527,-2.7670012,468.0,8548832,12,104,7590,5891
-1.658258,4.873665,-2.751693,488.0,8598224,12,104,7467,5859
-1.6189021,4.855416,-2.7354279,473.0,8649704,12,104,7631,5825
-1.5809208,4.8402085,-2.7210763,544.0,8698184,14,104,7654,5795
-1.5461226,4.8339214,-2.711987,526.0,8748264,13,104,7779,5776
-1.5117227,4.828229,-2.703376,595.0,8794824,15,104,7808,5758
-1.4789904,4.8273354,-2.6976354,603.0,8843824,15,104,7918,5746
-1.4440637,4.8186502,-2.6875892,605.0,8891424,15,104,7591,5725
-1.4102842,4.8130903,-2.6794567,552.0,8940304,13,104,7803,5708
-1.3787968,4.8148975,-2.6756296,581.0,8989784,14,104,7784,5700
-1.3407367,4.792815,-2.6584077,402.0,9036264,9,104,3834,5664
-1.3239892,4.847554,-2.6847188,37.0,9087424,1,104,991,5719
-1.2833986,4.8148484,-2.6617565,11.0,9134864,1,104,774,5671
-1.2566942,4.8336835,-2.6679754,19.0,9188104,1,104,799,5684
-1.0798863,4.74663,-2.599088,14.0,9432184,1,104,716,5540
-0.9352854,4.7852798,-2.6033936,13.0,9674744,1,104,663,5549
-0.9021706,4.7710795,-2.5923905,12.0,9720864,1,104,693,5526
-0.87382144,4.781709,-2.5952609,16.0,9769144,1,104,702,5532
-0.49655113,4.362036,-2.3388464,11.0,10306176,1,104,1284,4996
-0.48039258,4.4645452,-2.3933823,319.0,10359496,6,104,4327,5110
-0.45255077,4.4630404,-2.3909903,340.0,10406656,7,104,4269,5105
-0.42425117,4.456116,-2.3857281,322.0,10457896,6,104,4242,5094
-0.39559144,4.443764,-2.3775957,523.0,10507056,11,104,7872,5077
-0.3682459,4.445233,-2.3771172,582.0,10552296,13,104,7975,5076
-0.34102982,4.448284,-2.3775957,614.0,10598976,14,104,7873,5077
-0.31299824,4.4397807,-2.371855,610.0,10648776,14,104,7976,5065
-0.28425077,4.417955,-2.3589385,598.0,10699656,13,104,8064,5038
-0.25683635,4.4143558,-2.3560681,595.0,10746856,13,104,8444,5032
-0.22956643,4.4123406,-2.3541546,587.0,10798896,13,104,8568,5028
-0.2015823,4.393489,-2.3431518,390.0,10847056,8,104,4657,5005
-0.16992627,4.273549,-2.2771347,201.0,10895616,4,104,4537,4867
-0.1430998,4.25608,-2.2670887,311.0,10942616,6,104,4686,4846
-0.119004674,4.3332505,-2.308708,179.0,10994816,3,104,3238,4933
-0.09319991,4.3725295,-2.329757,171.0,11042696,3,104,2524,4977
-0.066605784,4.3897023,-2.3388464,589.0,11091776,13,104,7094,4996
-0.03964857,4.387394,-2.3374112,545.0,11138176,12,104,7468,4993
-0.012728974,4.388433,-2.3378897,545.0,11186248,12,104,8028,4994
0.014183411,4.384916,-2.3359761,603.0,11235528,13,104,7702,4990
0.041043077,4.380356,-2.333584,577.0,11284728,12,104,7886,4985
0.06781838,4.373875,-2.3302355,517.0,11336928,11,104,8021,4978
0.09461499,4.3716207,-2.3292787,557.0,11380488,12,104,7860,4976
0.12136124,4.3683248,-2.3278434,578.0,11434448,12,104,8079,4973
0.1480706,4.364865,-2.3264084,551.0,11478968,12,104,7814,4970
0.17499417,4.367384,-2.328322,578.0,11530888,12,104,8063,4974
0.20195423,4.3697367,-2.3302355,548.0,11579008,12,104,7801,4978
0.22894973,4.3719225,-2.332149,544.0,11625768,11,104,7722,4982
0.2557189,4.369559,-2.3316705,558.0,11675568,12,104,7675,4981
0.28235257,4.3652787,-2.3302355,494.0,11726088,10,104,7528,4978
0.30875465,4.3582087,-2.3273652,509.0,11773528,11,104,7655,4972
0.33610484,4.364112,-2.3316705,488.0,11820568,10,104,7447,4981
0.36331812,4.3672175,-2.3345408,497.0,11873008,11,104,7474,4987
0.39081922,4.3727775,-2.3388464,480.0,11917888,10,104,7281,4996
0.41831782,4.37729,-2.3426733,509.0,11970528,11,104,7472,5004
0.44463,4.3693995,-2.3398032,507.0,12020208,11,104,7501,4998
0.47124153,4.364843,-2.3388464,497.0,12068168,11,104,7401,4996
0.49932083,4.3732104,-2.3450654,451.0,12115608,10,104,7438,5009
0.5272031,4.378782,-2.3498492,550.0,12165448,12,104,7561,5019
0.5536162,4.37198,-2.3479357,500.0,12212528,11,104,7458,5015
0.5807813,4.371112,-2.3493707,480.0,12260088,10,104,7599,5018
0.608322,4.372684,-2.352241,520.0,12309128,11,104,7411,5024
0.63641256,4.377558,-2.357025,457.0,12360048,10,104,7185,5034
0.66498333,4.3848557,-2.363244,466.0,12409688,10,104,7374,5047
0.6922893,4.383295,-2.364679,479.0,12457168,10,104,7404,5050
0.72031677,4.3858957,-2.3685062,511.0,12507680,11,104,7513,5058
0.74840224,4.3883176,-2.3723333,489.0,12554920,10,104,7342,5066
0.77639073,4.389695,-2.375682,519.0,12605160,11,104,7500,5073
0.8041062,4.389167,-2.378074,487.0,12651160,10,104,7353,5078
0.8316799,4.3876004,-2.3799875,453.0,12700560,10,104,7221,5082
0.85977364,4.3884463,-2.383336,456.0,12748880,10,104,7290,5089
0.8884338,4.3916936,-2.38812,447.0,12800320,9,104,7259,5099
0.91914856,4.404208,-2.3981662,479.0,12849440,10,104,7163,5120
0.94763887,4.405352,-2.4019933,487.0,12900000,10,104,7261,5128
0.9757963,4.4045978,-2.4048636,487.0,12946640,10,104,7414,5134
1.005352,4.4096556,-2.4110825,496.0,12995560,11,104,7355,5147
1.033799,4.409387,-2.4144313,448.0,13043000,9,104,7412,5154
1.063313,4.4132032,-2.4201717,476.0,13091720,10,104,7431,5166
1.09503,4.425345,-2.4306962,502.0,13140480,11,104,7242,5188
1.1265018,4.435561,-2.440264,464.0,13187720,10,104,7096,5208
1.1559184,4.437062,-2.4450479,469.0,13239200,10,104,7170,5218
1.1842588,4.4341264,-2.44744,490.0,13286080,11,104,7023,5223
1.2149324,4.4394784,-2.4546156,494.0,13339360,11,104,7043,5238
1.2433386,4.436167,-2.4570074,460.0,13383560,10,104,7126,5243
1.2744223,4.4419565,-2.4646616,461.0,13434560,10,104,7042,5259
1.3068643,4.4517426,-2.4747078,455.0,13480840,10,104,7225,5280
1.3389676,4.4596157,-2.483797,453.0,13531000,10,104,7008,5299
1.3722502,4.470619,-2.4947999,423.0,13583200,9,104,6966,5322
1.4028187,4.472167,-2.5005405,469.0,13630520,10,104,7168,5334
1.4334577,4.4735074,-2.5062811,493.0,13679280,11,104,6949,5346
1.4652612,4.4779773,-2.5139353,496.0,13725520,11,104,6985,5362
1.4988471,4.487221,-2.5244598,471.0,13773120,11,104,7155,5384
1.5306131,4.4904037,-2.5316355,448.0,13826112,10,104,7068,5399
1.5650767,4.500828,-2.5431168,466.0,13872512,11,104,6925,5423
1.5970775,4.503551,-2.5502927,479.0,13920232,11,104,6968,5438
1.6273744,4.5010967,-2.554598,500.0,13970392,11,104,6868,5447
1.6616583,4.509148,-2.5651226,437.0,14018952,10,104,7002,5469
1.6936265,4.510373,-2.57182,436.0,14067032,10,104,6755,5483
1.7363638,4.5392523,-2.5947826,355.0,14115032,8,104,5468,5531
1.7661004,4.5334206,-2.597653,388.0,14164312,9,104,6295,5537
1.7987511,4.5347385,-2.6048286,418.0,14217272,9,104,6810,5552
1.8304958,4.5333843,-2.6105692,427.0,14266512,10,104,6656,5564
1.8642985,4.536682,-2.6191802,375.0,14311432,9,104,6356,5582
13.879261,7.4579396,-8.530588,67.0,19780680,12,104,3084,17939
-19.226696,5.7708044,-11.248483,32.0,1855432,14,105,3165,23033
-1.7951226,4.9679217,-2.9205544,84.0,9283864,2,105,4293,6058
-1.7416271,4.913952,-2.881797,311.0,9330304,9,105,6637,5979
-1.7102996,4.921253,-2.8798347,356.0,9380664,10,105,7405,5975
-1.6660326,4.890409,-2.8553047,463.0,9432184,13,105,7718,5925
-1.6282744,4.877394,-2.8415678,476.0,9479664,13,105,7749,5897
-1.591551,4.866586,-2.8293028,461.0,9527624,13,105,7822,5872
-1.5515696,4.8447223,-2.8106601,501.0,9574944,14,105,8031,5834
-1.5153027,4.8333626,-2.7983952,484.0,9622744,13,105,7744,5809
-1.481021,4.827573,-2.7895644,577.0,9674744,16,105,8034,5791
-1.4498705,4.831561,-2.7866206,606.0,9720864,17,105,7829,5785
-1.417011,4.829496,-2.780243,565.0,9769144,16,105,8053,5772
-1.3830318,4.823021,-2.7714121,592.0,9819384,17,105,8059,5754
-1.3494205,4.8171506,-2.7630718,505.0,9868096,13,105,5977,5737
-1.3246605,4.842992,-2.7733746,92.0,9916256,2,105,1107,5758
-1.2605239,4.841173,-2.7630718,19.0,10013016,1,105,861,5737
-1.2295104,4.843748,-2.7601283,17.0,10066416,1,105,914,5731
-1.1872289,4.8004436,-2.7306924,11.0,10115016,1,105,962,5671
-1.1508235,4.7788324,-2.714012,14.0,10160296,1,105,1002,5637
-1.0396005,4.8354545,-2.7311828,15.0,10359496,1,105,806,5672
-1.0013822,4.8007946,-2.7076342,14.0,10406656,1,105,735,5624
-0.9694921,4.794891,-2.7007656,14.0,10457896,1,105,786,5610
-0.9353713,4.7768035,-2.687029,13.0,10507056,1,105,734,5582
-0.90410036,4.7721786,-2.6811419,10.0,10552296,1,105,737,5570
-0.5092067,4.4621234,-2.4750898,182.0,11138176,3,105,3101,5150
-0.48340264,4.4798923,-2.4834301,427.0,11186248,9,105,5027,5167
-0.45449916,4.468903,-2.4755805,415.0,11235528,9,105,5117,5151
-0.42467532,4.446451,-2.461353,372.0,11284728,8,105,5178,5122
-0.39746165,4.449841,-2.4618437,624.0,11336928,15,105,8468,5123
-0.36935934,4.4426436,-2.4564471,651.0,11380488,15,105,8289,5112
-0.34175986,4.440482,-2.453994,627.0,11434448,15,105,8214,5107
-0.31438464,4.4407573,-2.453013,599.0,11478968,14,105,8264,5105
-0.2867393,4.4365153,-2.4495788,630.0,11530888,15,105,8517,5098
-0.2585002,4.420793,-2.4397666,636.0,11579008,15,105,8406,5078
-0.2310531,4.4162045,-2.4363325,621.0,11625768,14,105,7722,5071
-0.20403124,4.41928,-2.4373138,427.0,11675568,9,105,4833,5073
-0.16979049,4.2410846,-2.3362503,302.0,11726088,6,105,4602,4867
-0.14472887,4.2707863,-2.35244,216.0,11773528,4,105,3787,4900
-0.12098065,4.361313,-2.4029717,150.0,11820568,3,105,3480,5003
-0.094940685,4.3959494,-2.422105,577.0,11873008,13,105,6130,5042
-0.06795267,4.395578,-2.4216146,642.0,11917888,15,105,7965,5041
-0.041027684,4.40114,-2.4245582,630.0,11970528,15,105,7707,5047
-0.013999569,4.3934665,-2.4201427,607.0,12020208,14,105,7766,5038
0.012929982,4.384756,-2.4152367,607.0,12068168,14,105,7884,5028
0.039743915,4.375009,-2.40984,553.0,12115608,13,105,8022,5017
0.0666419,4.378168,-2.4118025,601.0,12165448,14,105,7883,5021
0.0936557,4.3846464,-2.4157274,593.0,12212528,14,105,7971,5029
0.120630324,4.386602,-2.4171991,574.0,12260088,13,105,7921,5032
0.147455,4.383167,-2.4157274,571.0,12309128,13,105,8024,5029
0.1741373,4.3769555,-2.4127839,596.0,12360048,14,105,7805,5023
0.2011113,4.378416,-2.4142556,579.0,12409688,13,105,7925,5026
0.22852023,4.387542,-2.4201427,541.0,12457168,12,105,7853,5038
0.25553927,4.387797,-2.421124,568.0,12507680,13,105,7978,5040
0.28223234,4.382668,-2.4191616,615.0,12554920,14,105,7928,5036
0.30893373,4.378246,-2.4176898,593.0,12605160,14,105,7959,5033
0.33592623,4.3780055,-2.418671,558.0,12651160,13,105,7807,5035
0.36343333,4.3836775,-2.4230864,606.0,12700560,14,105,7885,5044
0.39063463,4.3848367,-2.4250488,606.0,12748880,14,105,7795,5048
0.4177809,4.3849597,-2.4265206,586.0,12800320,13,105,7968,5051
0.44450217,4.38058,-2.4255393,555.0,12849440,13,105,7779,5049
0.47202748,4.3838344,-2.4289734,632.0,12900000,15,105,7963,5056
0.49921393,4.383453,-2.4304454,579.0,12946640,13,105,7876,5059
0.527247,4.3898234,-2.435842,563.0,12995560,13,105,8125,5070
0.555815,4.399473,-2.4432008,570.0,13043000,13,105,7802,5085
0.5837175,4.40289,-2.4471257,631.0,13091720,15,105,7909,5093
0.61024183,4.3957734,-2.4451632,550.0,13140480,12,105,8008,5089
0.6368261,4.389359,-2.4436915,628.0,13187720,15,105,7966,5086
0.6640081,4.387092,-2.4446728,607.0,13239200,14,105,7719,5088
0.6926818,4.3941245,-2.4510505,598.0,13286080,14,105,7798,5101
0.72061926,4.3958106,-2.4544847,548.0,13339360,12,105,7956,5108
0.7497756,4.404191,-2.4618437,598.0,13383560,14,105,7558,5123
0.7778476,4.405514,-2.465278,567.0,13434560,13,105,7868,5130
0.8070633,4.4126577,-2.4721463,609.0,13480840,14,105,7643,5144
0.83623356,4.4187527,-2.4785242,622.0,13531000,14,105,7759,5157
0.8636659,4.4152484,-2.4795053,597.0,13583200,14,105,7680,5159
0.89195067,4.4158444,-2.4829395,567.0,13630520,13,105,7630,5166
0.92116535,4.4205246,-2.4888268,602.0,13679280,14,105,7648,5178
0.9499212,4.4224563,-2.493242,600.0,13725520,15,105,7679,5187
0.9781699,4.421649,-2.4961858,553.0,13773120,13,105,7495,5193
1.0085752,4.430007,-2.504526,593.0,13826112,14,105,7380,5210
1.0387219,4.4364605,-2.511885,598.0,13872512,14,105,7426,5225
1.067965,4.438475,-2.5167909,593.0,13920232,14,105,7622,5235
1.0966442,4.43776,-2.520225,596.0,13970392,14,105,7578,5242
1.1274995,4.445305,-2.5285652,589.0,14018952,14,105,7601,5259
1.1580492,4.4509516,-2.5359242,603.0,14067032,15,105,7616,5274
1.1871367,4.450497,-2.539849,575.0,14115032,14,105,7410,5282
1.2169521,4.4523745,-2.5452456,623.0,14164312,15,105,7468,5293
1.2489516,4.461605,-2.5550575,571.0,14217272,14,105,7492,5313
1.2789472,4.463071,-2.5604541,586.0,14266512,14,105,7408,5324
1.308517,4.4626646,-2.5648696,566.0,14311432,14,105,7350,5333
1.3388815,4.4645667,-2.570757,564.0,14363272,14,105,7455,5345
1.3703412,4.469596,-2.5786064,550.0,14412872,13,105,7482,5361
1.402956,4.477732,-2.5884185,524.0,14456872,13,105,7384,5381
1.4333291,4.478168,-2.593815,559.0,14510232,14,105,7354,5392
1.4643022,4.4800553,-2.6001928,559.0,14557272,14,105,7352,5405
1.4983888,4.4908223,-2.611967,530.0,14608632,13,105,7327,5429
1.5351924,4.508762,-2.628157,545.0,14657512,14,105,7051,5462
1.566549,4.5099573,-2.6345348,519.0,14703392,13,105,6895,5475
1.5973953,4.509294,-2.6399314,557.0,14749992,14,105,6542,5486
1.6303661,4.5141587,-2.6487622,466.0,14799912,11,105,5471,5504
1.6673731,4.529417,-2.6639707,294.0,14850592,7,105,4063,5535
1.7040157,4.5427585,-2.678198,270.0,14897792,6,105,3724,5564
-19.209715,5.723632,-11.560704,34.0,2689264,17,106,2614,23162
-15.825996,5.7940326,-9.71169,26.0,3173024,10,106,2574,19474
-15.43912,5.7601027,-9.494601,54.0,3225424,18,106,3073,19041
-1.6965884,4.954125,-2.9804337,39.0,10261936,1,106,3633,6048
-1.6565151,4.935735,-2.962886,301.0,10306176,11,106,6019,6013
-1.6164612,4.9162188,-2.9448373,363.0,10359496,14,106,7016,5977
-1.5769749,4.8972216,-2.9272897,410.0,10406656,15,106,7411,5942
-1.5367414,4.8746257,-2.9077365,425.0,10457896,15,106,7580,5903
-1.4981215,4.855855,-2.8906903,484.0,10507056,18,106,7975,5869
-1.4630433,4.8475623,-2.8801618,521.0,10552296,19,106,8202,5848
-1.4264073,4.8332143,-2.8661237,648.0,10598976,25,106,8209,5820
-1.394564,4.834394,-2.8616116,610.0,10648776,23,106,8269,5811
-1.3625249,4.8345327,-2.856598,563.0,10699656,21,106,7908,5801
-1.333065,4.843636,-2.8570993,341.0,10746856,11,106,2804,5802
-1.3021963,4.8475466,-2.8545926,19.0,10798896,1,106,639,5797
-1.2693536,4.843729,-2.8475735,27.0,10847056,1,106,713,5783
-1.234248,4.83047,-2.8350394,21.0,10895616,1,106,883,5758
-1.202074,4.827878,-2.8290231,13.0,10942616,1,106,784,5746
-1.0815322,4.8483243,-2.8245108,13.0,11138176,1,106,738,5737
-1.0425909,4.812591,-2.799443,19.0,11186248,1,106,611,5687
-1.0091201,4.8002706,-2.788413,16.0,11235528,1,106,630,5665
-0.9466126,4.794468,-2.7778845,9.0,11336928,1,106,585,5644
-0.913761,4.7823396,-2.767356,9.0,11380488,1,106,548,5623
-0.5220935,4.514298,-2.579346,255.0,11970528,7,106,4046,5248
-0.4925907,4.5010753,-2.5698202,401.0,12020208,12,106,4906,5229
-0.4625569,4.480776,-2.5562835,411.0,12068168,12,106,4216,5202
-0.43228778,4.455111,-2.5397387,354.0,12115608,10,106,5687,5169
-0.406122,4.470605,-2.547259,614.0,12165448,20,106,8274,5184
-0.37802377,4.4652534,-2.5427468,612.0,12212528,19,106,8155,5175
-0.34959868,4.4545503,-2.5352263,564.0,12260088,17,106,8335,5160
-0.32131922,4.443667,-2.527706,613.0,12309128,19,106,8229,5145
-0.29387516,4.442965,-2.526202,558.0,12360048,17,106,8474,5142
-0.26660812,4.4446845,-2.526202,568.0,12409688,18,106,8496,5142
-0.23881632,4.436733,-2.5206869,556.0,12457168,17,106,8270,5131
-0.21142259,4.434658,-2.5186815,559.0,12507680,17,106,7989,5127
-0.1840995,4.433278,-2.5171773,553.0,12554920,17,106,7889,5124
-0.15655427,4.424813,-2.5116625,587.0,12605160,18,106,8154,5113
-0.12901758,4.4127173,-2.504142,596.0,12651160,19,106,8371,5098
-0.101817615,4.4082355,-2.501134,610.0,12700560,19,106,8719,5092
-0.07481215,4.4113727,-2.5026379,574.0,12748880,18,106,8415,5095
-0.047743067,4.411749,-2.5026379,610.0,12800320,19,106,8362,5095
-0.020633113,4.4041715,-2.4981258,582.0,12849440,18,106,8657,5086
0.006387862,4.4016194,-2.4966216,585.0,12900000,18,106,8585,5083
0.033408124,4.403228,-2.4976244,587.0,12946640,18,106,8615,5085
0.060355686,4.397749,-2.4946163,605.0,12995560,19,106,8616,5079
0.08720348,4.3903756,-2.4906054,639.0,13043000,20,106,8426,5071
0.114140674,4.3897576,-2.4906054,597.0,13091720,19,106,8620,5071
0.14132115,4.396758,-2.4951177,647.0,13140480,21,106,8676,5080
0.16836211,4.397537,-2.4961202,621.0,13187720,20,106,8669,5082
0.19484618,4.3851843,-2.4896026,642.0,13239200,20,106,8373,5069
0.22201003,4.389091,-2.4926107,616.0,13286080,19,106,8480,5075
0.24918042,4.3919654,-2.4951177,631.0,13339360,20,106,8504,5080
0.2760163,4.388627,-2.4941149,642.0,13383560,20,106,8463,5078
0.30270192,4.3833976,-2.4921093,644.0,13434560,20,106,8479,5074
0.32997993,4.386635,-2.4951177,656.0,13480840,21,106,8328,5080
0.3575188,4.392289,-2.4996297,643.0,13531000,20,106,8379,5089
0.38468823,4.3925986,-2.501134,694.0,13583200,22,106,8403,5092
0.41171396,4.391017,-2.5016353,612.0,13630520,19,106,8262,5093
0.4388205,4.39013,-2.5026379,664.0,13679280,21,106,8186,5095
0.4662959,4.3925176,-2.5056462,613.0,13725520,19,106,8406,5101
0.49362442,4.3930135,-2.5076516,664.0,13773120,21,106,8641,5105
0.52046853,4.3890424,-2.5071502,727.0,13826112,24,106,8306,5104
0.54738945,4.3857665,-2.5071502,642.0,13872512,20,106,8064,5104
0.57642037,4.398626,-2.516676,697.0,13920232,22,106,8354,5123
0.60386854,4.398435,-2.5186815,705.0,13970392,23,106,8474,5127
0.6304775,4.3920774,-2.5171773,668.0,14018952,21,106,8294,5124
0.6584382,4.3949723,-2.5211883,692.0,14067032,22,106,8372,5132
0.6875235,4.404528,-2.52921,662.0,14115032,21,106,8296,5148
0.71592027,4.4087677,-2.5342236,649.0,14164312,21,106,8202,5158
0.74511313,4.4170904,-2.541744,634.0,14217272,20,106,8313,5173
0.77339286,4.4192543,-2.545755,673.0,14266512,22,106,8125,5181
0.79987794,4.41102,-2.5437496,688.0,14311432,22,106,8173,5177
0.8285216,4.414533,-2.548763,644.0,14363272,21,106,7966,5187
0.8585548,4.4246564,-2.5577874,648.0,14412872,22,106,8040,5205
0.8894223,4.4379706,-2.5688174,621.0,14456872,20,106,8090,5227
0.91803604,4.4392085,-2.5728283,653.0,14510232,22,106,8304,5235
0.9454374,4.4343386,-2.5733297,620.0,14557272,20,106,8080,5236
0.9733695,4.431834,-2.575335,685.0,14608632,23,106,7926,5240
1.0022591,4.4333744,-2.5798473,633.0,14657512,21,106,7864,5249
1.0312041,4.4347267,-2.5843596,595.0,14703392,19,106,7894,5258
1.0600026,4.4350486,-2.5883706,656.0,14749992,22,106,7934,5266
1.0904919,4.441907,-2.5963922,628.0,14799912,21,106,7847,5282
1.1200494,4.4443617,-2.6019073,651.0,14850592,22,106,7904,5293
1.1496779,4.446621,-2.607422,609.0,14897792,20,106,7921,5304
1.1818122,4.4578843,-2.618452,619.0,14949352,20,106,8148,5326
1.2129949,4.4647446,-2.626975,609.0,14998432,20,106,7823,5343
1.2431476,4.4672213,-2.6329916,647.0,15046072,21,106,7750,5355
1.2740868,4.4719925,-2.640512,621.0,15094104,20,106,7992,5370
1.3051312,4.4765515,-2.6480322,642.0,15145424,22,106,8073,5385
1.3355383,4.4784102,-2.6540487,569.0,15193464,19,106,7589,5397
1.3685381,4.4883404,-2.6650784,550.0,15242224,19,106,7620,5419
1.3991383,4.4897723,-2.671095,531.0,15288984,18,106,6295,5431
1.4400344,4.5231547,-2.696664,338.0,15336704,11,106,5101,5482
1.4696319,4.5199943,-2.7001736,267.0,15385864,8,106,4227,5489
1.5008786,4.5215683,-2.7066913,345.0,15435224,11,106,4420,5502
1.5310905,4.51965,-2.7112036,256.0,15487104,8,106,5204,5511
16.920115,7.8513174,-10.754518,58.0,21930664,25,106,3825,21554
19.500235,7.910448,-12.139774,61.0,22318264,31,106,3802,24317
21.675816,8.1795845,-13.370613,21.0,22516584,19,106,3390,26772
-23.541693,5.226515,-14.287042,26.0,2979224,22,107,2623,28053
-23.253607,5.3125267,-14.131144,33.0,3030984,26,107,2775,27748
-19.381025,5.699176,-11.959807,40.0,3515056,22,107,3382,23500
-1.4867972,4.8706565,-2.974423,139.0,11380488,7,107,5080,5921
-1.4581164,4.8838043,-2.9769788,289.0,11434448,15,107,6423,5926
-1.4119395,4.8373938,-2.942732,373.0,11478968,20,107,7249,5859
-1.3770288,4.827787,-2.931487,429.0,11530888,24,107,7691,5837
-1.3429836,4.820418,-2.9217753,412.0,11579008,22,107,6872,5818
-1.314965,4.8343716,-2.9253533,167.0,11625768,8,107,1921,5825
-1.2742159,4.8008223,-2.8997962,15.0,11675568,1,107,977,5775
-1.2447346,4.8085504,-2.8997962,28.0,11726088,1,107,810,5775
-1.2116194,4.8019333,-2.8911066,11.0,11773528,1,107,691,5758
-1.1796616,4.7992635,-2.884973,11.0,11820568,1,107,685,5746
-1.1528018,4.8172755,-2.8916178,16.0,11873008,1,107,885,5759
-1.121461,4.816726,-2.8870175,25.0,11917888,1,107,931,5750
-1.0875036,4.8042397,-2.8752613,14.0,11970528,1,107,768,5727
-1.0581901,4.8116617,-2.8757725,29.0,12020208,1,107,792,5728
-1.0210779,4.7827673,-2.8543043,8.0,12068168,1,107,597,5686
-0.9601007,4.783984,-2.8476596,9.0,12165448,1,107,493,5673
-0.92743456,4.772914,-2.8374367,7.0,12212528,1,107,512,5653
-0.7749012,4.76434,-2.81648,7.0,12457168,1,107,528,5612
-0.7195853,4.794737,-2.8292584,10.0,12554920,1,107,723,5637
-0.50552297,4.7511363,-2.7873447,13.0,12900000,1,107,1473,5555
-0.44583535,4.4522862,-2.6069112,172.0,12946640,8,107,5628,5202
-0.41883314,4.4583607,-2.6089556,464.0,12995560,24,107,9314,5206
-0.39070952,4.4522853,-2.6038444,470.0,13043000,24,107,8994,5196
-0.36302987,4.450316,-2.6012886,441.0,13091720,23,107,9329,5191
-0.334669,4.438748,-2.5931103,486.0,13140480,24,107,9297,5175
-0.30724645,4.4381456,-2.5915768,513.0,13187720,25,107,9166,5172
-0.28044823,4.446809,-2.595666,451.0,13239200,23,107,9289,5180
-0.25271076,4.4407234,-2.5910656,489.0,13286080,24,107,9247,5171
-0.22523618,4.4378986,-2.58851,462.0,13339360,23,107,9308,5166
-0.19784492,4.435763,-2.5864654,470.0,13383560,23,107,9259,5162
-0.17021737,4.4265876,-2.5803318,505.0,13434560,25,107,9274,5150
-0.14265268,4.415522,-2.5731757,552.0,13480840,27,107,8958,5136
-0.115696855,4.4214697,-2.5762427,497.0,13531000,24,107,8959,5142
-0.08845668,4.41694,-2.5731757,484.0,13583200,24,107,8926,5136
-0.06128924,4.413103,-2.57062,507.0,13630520,25,107,8983,5131
-0.03420228,4.4125366,-2.570109,543.0,13679280,27,107,8660,5130
-0.007120101,4.4100847,-2.5685754,545.0,13725520,27,107,8891,5127
0.01992464,4.405748,-2.5660198,464.0,13773120,23,107,8714,5122
0.046782985,4.387494,-2.5552857,602.0,13826112,30,107,8653,5101
0.07374401,4.389703,-2.5568192,514.0,13872512,25,107,8929,5104
0.10062077,4.38659,-2.5552857,563.0,13920232,28,107,8631,5101
0.12767923,4.3910446,-2.5583525,516.0,13970392,25,107,8941,5107
0.15467857,4.3918967,-2.5593748,541.0,14018952,27,107,8646,5109
0.1812425,4.381418,-2.5537522,519.0,14067032,25,107,8845,5098
0.20824276,4.382799,-2.5552857,525.0,14115032,26,107,8885,5101
0.23513119,4.381439,-2.5552857,567.0,14164312,28,107,8945,5101
0.26211172,4.38163,-2.556308,576.0,14217272,29,107,8835,5103
0.28865755,4.374793,-2.5532413,581.0,14266512,29,107,8889,5097
0.31525138,4.36951,-2.5511966,532.0,14311432,26,107,8789,5093
0.34285128,4.3777766,-2.5573304,481.0,14363272,23,107,8885,5105
0.37049296,4.385012,-2.5629528,509.0,14412872,25,107,8711,5116
0.39777574,4.3869367,-2.5655086,546.0,14456872,27,107,8790,5121
0.42493203,4.38698,-2.567042,523.0,14510232,26,107,8939,5124
0.45158026,4.3817253,-2.5655086,512.0,14557272,25,107,8853,5121
0.47956762,4.389126,-2.5716424,572.0,14608632,28,107,8768,5133
0.50707626,4.3912244,-2.5747092,547.0,14657512,27,107,9032,5139
0.5346287,4.39315,-2.577776,528.0,14703392,26,107,8748,5145
0.5609251,4.3846707,-2.5747092,522.0,14749992,26,107,8844,5139
0.5881588,4.3837028,-2.5762427,595.0,14799912,30,107,8559,5142
0.6158763,4.38597,-2.5798206,544.0,14850592,27,107,8701,5149
0.6447589,4.3957167,-2.5879989,555.0,14897792,27,107,8906,5165
0.6731386,4.401025,-2.5936215,513.0,14949352,25,107,8799,5176
0.7009361,4.4019055,-2.5966883,576.0,14998432,30,107,8882,5182
0.72918826,4.4051547,-2.6012886,546.0,15046072,28,107,8726,5191
0.7573619,4.4073753,-2.6053777,490.0,15094104,25,107,9039,5199
0.7849905,4.4060307,-2.6074224,557.0,15145424,29,107,9134,5203
0.8129413,4.4062033,-2.6104891,557.0,15193464,29,107,9239,5209
0.84220624,4.412954,-2.6176453,557.0,15242224,29,107,9119,5223
0.87092257,4.416137,-2.6227567,545.0,15288984,28,107,9039,5233
0.89988023,4.4199767,-2.628379,588.0,15336704,31,107,9060,5244
0.92768705,4.417737,-2.6304238,554.0,15385864,29,107,9040,5248
0.9580339,4.427086,-2.6396244,519.0,15435224,27,107,8901,5266
0.9905777,4.445458,-2.6544476,536.0,15487104,28,107,8964,5295
1.0214701,4.455217,-2.6641593,580.0,15530464,30,107,8641,5314
1.0497696,4.453049,-2.666715,545.0,15584264,28,107,8579,5319
1.0790887,4.4548798,-2.6718264,546.0,15628864,28,107,8686,5329
1.1084697,4.456517,-2.6769378,500.0,15681424,26,107,8643,5339
1.1389703,4.4621267,-2.684605,435.0,15729304,22,107,8041,5354
1.1684967,4.4633713,-2.6897163,450.0,15776504,22,107,7009,5364
1.1983033,4.465251,-2.695339,300.0,15826264,15,107,5684,5375
1.2245437,4.4536695,-2.692783,172.0,15875864,8,107,5053,5370
1.2627593,4.4849668,-2.716807,266.0,15923984,13,107,5060,5417
1.2928644,4.4862213,-2.7224295,314.0,15970384,16,107,5580,5428
1.3240014,4.4905734,-2.7300966,206.0,16023104,10,107,5988,5443
1.3629084,4.5202293,-2.7536092,138.0,16067624,7,107,6297,5489
22.376265,7.912753,-14.060605,23.0,23540216,15,107,1083,27610
-1.1367092,4.8009415,-2.9628751,198.0,9330304,4,108,3977,5779
-1.104369,4.7953534,-2.9550488,230.0,9380664,5,108,2747,5764
-1.0769663,4.8111987,-2.9607882,134.0,9432184,3,108,1644,5775
-1.0382193,4.775193,-2.9341786,33.0,9479664,1,108,976,5724
-1.0064445,4.769786,-2.9268742,15.0,9527624,1,108,984,5710
-0.974094,4.7608247,-2.9174826,17.0,9574944,1,108,977,5692
-0.94271713,4.7558312,-2.9106998,28.0,9622744,1,108,1013,5679
-0.9048789,4.716276,-2.882525,31.0,9674744,1,108,966,5625
-0.87391037,4.7108335,-2.8757422,31.0,9720864,1,108,855,5612
-0.84708446,4.727865,-2.8830469,24.0,9769144,1,108,843,5626
-0.8173362,4.7287703,-2.880438,14.0,9819384,1,108,797,5621
-0.78928125,4.739588,-2.8840902,8.0,9868096,1,108,704,5628
-0.7630032,4.7620335,-2.8950472,20.0,9916256,1,108,698,5649
-0.7331244,4.7624087,-2.8924384,36.0,9964056,1,108,666,5644
-0.6995539,4.7372756,-2.874177,38.0,10013016,1,108,731,5609
-0.66691303,4.716135,-2.8585243,19.0,10066416,1,108,674,5579
-0.6330827,4.683781,-2.836089,13.0,10115016,1,108,698,5536
-0.6042234,4.6867313,-2.8355672,15.0,10160296,1,108,665,5535
-0.550385,4.7259965,-2.855394,6.0,10261936,1,108,652,5573
-0.5216546,4.7318287,-2.856959,16.0,10306176,1,108,628,5576
-0.42907298,4.6811566,-2.8204362,9.0,10457896,1,108,778,5506
-0.3819438,4.466085,-2.6868672,211.0,10507056,4,108,4996,5250
-0.35493314,4.4734473,-2.6899977,525.0,10552296,12,108,7770,5256
-0.3272936,4.4729886,-2.6884325,469.0,10598976,11,108,7748,5253
-0.2997293,4.47321,-2.687389,469.0,10648776,11,108,7560,5251
-0.27161375,4.4638944,-2.6806061,487.0,10699656,11,108,7719,5238
-0.24357808,4.453551,-2.6733015,480.0,10746856,11,108,7658,5224
-0.21576065,4.444736,-2.6670406,515.0,10798896,12,108,7651,5212
-0.1880959,4.4366,-2.6613011,488.0,10847056,11,108,7619,5201
-0.16056919,4.4291453,-2.6560836,483.0,10895616,11,108,7615,5191
-0.1333646,4.4291945,-2.655562,473.0,10942616,11,108,7561,5190
-0.1063027,4.4350467,-2.6586924,494.0,10994816,11,108,7986,5196
-0.07900153,4.4304976,-2.655562,489.0,11042696,11,108,7972,5190
-0.051540878,4.4053073,-2.6399093,466.0,11091776,10,108,7769,5160
-0.024470411,4.39701,-2.6346917,485.0,11138176,11,108,7553,5150
0.002521572,4.404755,-2.6393876,465.0,11186248,10,108,7741,5159
0.029574854,4.408069,-2.6414745,475.0,11235528,10,108,7827,5163
0.056586303,4.4052453,-2.6399093,518.0,11284728,11,108,7800,5160
0.08351312,4.399698,-2.6367788,446.0,11336928,10,108,7673,5154
0.11039625,4.3948383,-2.63417,467.0,11380488,10,108,7647,5149
0.1372504,4.390668,-2.632083,420.0,11434448,9,108,7859,5145
0.16428664,4.3923006,-2.6336482,468.0,11478968,10,108,7502,5148
0.19123419,4.3912096,-2.6336482,464.0,11530888,10,108,7578,5148
0.21791542,4.3848414,-2.6305177,443.0,11579008,10,108,7601,5142
0.24471937,4.3817186,-2.6294742,460.0,11625768,10,108,7548,5140
0.27165413,4.3809857,-2.629996,457.0,11675568,10,108,7561,5141
0.29858908,4.3800874,-2.6305177,502.0,11726088,11,108,7522,5142
0.32603595,4.385829,-2.6352134,435.0,11773528,9,108,7394,5151
0.35335657,4.388848,-2.638344,465.0,11820568,10,108,7438,5157
0.37990677,4.382348,-2.6357353,455.0,11873008,10,108,7506,5152
0.4064703,4.376537,-2.6336482,398.0,11917888,8,108,7394,5148
0.43331656,4.3739605,-2.6336482,441.0,11970528,9,108,7396,5148
0.46149877,4.383944,-2.6414745,426.0,12020208,9,108,7257,5163
0.4886755,4.383573,-2.6430397,419.0,12068168,9,108,7402,5166
0.5158651,4.3830338,-2.6446052,406.0,12115608,9,108,7124,5169
0.5430664,4.382325,-2.6461704,380.0,12165448,8,108,7342,5172
0.5718316,4.39329,-2.6550403,422.0,12212528,9,108,7449,5189
0.5991259,4.3922343,-2.6566055,410.0,12260088,9,108,7154,5192
0.62545836,4.384253,-2.6539967,414.0,12309128,9,108,7128,5187
0.6542452,4.3929877,-2.661823,437.0,12360048,10,108,6950,5202
0.6825044,4.3973193,-2.6670406,425.0,12409688,9,108,7134,5212
0.7109782,4.4023113,-2.6727798,377.0,12457168,8,108,7192,5223
0.7396809,4.4079604,-2.679041,365.0,12507680,8,108,6805,5235
0.7671552,4.40586,-2.6806061,377.0,12554920,8,108,7152,5238
0.7950884,4.406106,-2.6837366,367.0,12605160,8,108,6659,5244
0.82352597,4.4086905,-2.6884325,357.0,12651160,8,108,6442,5253
0.8520251,4.411092,-2.693128,352.0,12700560,7,108,5789,5262
0.8836039,4.4283648,-2.7072155,282.0,12748880,6,108,5036,5289
0.9128335,4.432884,-2.7134767,170.0,12800320,3,108,4288,5301
0.94072795,4.430537,-2.7155638,164.0,12849440,3,108,3765,5305
0.97521967,4.45801,-2.7364337,230.0,12900000,5,108,3767,5345
0.9976616,4.4303083,-2.7228682,331.0,12946640,7,108,4339,5319
1.027533,4.435736,-2.7301729,321.0,12995560,7,108,4976,5333
1.0608816,4.4550686,-2.7463472,274.0,13043000,6,108,5121,5364
1.0914533,4.461731,-2.7546952,235.0,13091720,5,108,4912,5380
1.131324,4.504582,-2.7860005,143.0,13140480,3,108,4457,5440
21.612225,6.9602723,-13.832061,26.0,21200472,10,108,1022,26611
21.874214,6.8967514,-13.972935,18.0,21246632,8,108,1214,26881
-19.755934,5.5539694,-12.898002,20.0,1708272,12,109,2428,24263
-15.993555,5.907221,-10.706374,29.0,2343944,11,109,3198,20157
-0.7957532,4.693011,-2.9492097,284.0,10699656,7,109,4097,5624
-0.7567426,4.6352077,-2.9091775,290.0,10746856,6,109,2840,5549
-0.7256698,4.623055,-2.8985023,258.0,10798896,6,109,2388,5529
-0.69326574,4.6006613,-2.8814218,172.0,10847056,3,109,1970,5497
-0.66767704,4.623242,-2.8931646,108.0,10895616,2,109,1583,5519
-0.63871944,4.623063,-2.8904958,37.0,10942616,1,109,1166,5514
-0.60868585,4.6143193,-2.8824894,16.0,10994816,1,109,868,5499
-0.58225477,4.6330705,-2.892097,10.0,11042696,1,109,701,5517
-0.554316,4.640754,-2.8947659,20.0,11091776,1,109,769,5522
-0.39663216,4.484573,-2.7864122,61.0,11336928,1,109,2515,5319
-0.36869353,4.4818654,-2.7832096,409.0,11380488,10,109,7294,5313
-0.34093082,4.4806705,-2.7810745,452.0,11434448,11,109,7753,5309
-0.31272697,4.4725547,-2.7746694,464.0,11478968,11,109,7569,5297
-0.28501034,4.4701695,-2.7720006,486.0,11530888,12,109,7445,5292
-0.2571897,4.4650803,-2.7677305,499.0,11579008,12,109,7736,5284
-0.22892414,4.4496837,-2.7570553,485.0,11625768,12,109,7633,5264
-0.20142712,4.4467807,-2.7543864,490.0,11675568,12,109,7622,5259
-0.17407279,4.446243,-2.753319,493.0,11726088,12,109,7631,5257
-0.14634591,4.4337044,-2.7447786,512.0,11773528,12,109,7512,5241
-0.11900385,4.4294467,-2.7415762,504.0,11820568,12,109,7586,5235
-0.09187478,4.43263,-2.7431774,500.0,11873008,12,109,7412,5238
-0.06459051,4.4271913,-2.7394412,443.0,11917888,11,109,7545,5231
-0.037383333,4.422431,-2.7362385,502.0,11970528,12,109,7482,5225
-0.01025047,4.4242682,-2.737306,547.0,12020208,13,109,7581,5227
0.01687549,4.419174,-2.7341034,475.0,12068168,11,109,7646,5221
0.043921165,4.4122224,-2.7298334,408.0,12115608,10,109,7325,5213
0.07084052,4.4025693,-2.723962,452.0,12165448,11,109,7552,5202
0.09789099,4.403743,-2.7250295,450.0,12212528,11,109,7434,5204
0.124861486,4.4013686,-2.723962,469.0,12260088,11,109,7564,5202
0.15168877,4.3954487,-2.7207594,498.0,12309128,12,109,7547,5196
0.17900215,4.4028845,-2.726097,445.0,12360048,11,109,7228,5206
0.20585513,4.3983245,-2.723962,490.0,12409688,12,109,7472,5202
0.23369375,4.413023,-2.7341034,379.0,12457168,9,109,7333,5221
0.26036575,4.4047527,-2.7298334,454.0,12507680,11,109,7103,5213
0.28711113,4.3988533,-2.7271645,451.0,12554920,11,109,6802,5208
0.31349128,4.388574,-2.721827,413.0,12605160,10,109,6726,5198
0.34126735,4.3975277,-2.728766,400.0,12651160,9,109,6024,5211
0.3689524,4.4037776,-2.7341034,344.0,12700560,8,109,5744,5221
0.39589047,4.4005885,-2.7335699,269.0,12748880,6,109,5464,5220
0.4233718,4.403127,-2.7367723,229.0,12800320,5,109,5162,5226
0.4501218,4.397923,-2.735171,172.0,12849440,4,109,4579,5223
0.47847146,4.407688,-2.7431774,209.0,12900000,4,109,4328,5238
0.50405717,4.392068,-2.735171,176.0,12946640,4,109,4074,5223
0.5334411,4.40904,-2.7479813,233.0,12995560,5,109,4002,5247
0.5614474,4.4132333,-2.7527852,299.0,13043000,7,109,4335,5256
0.58851594,4.409705,-2.7527852,325.0,13091720,7,109,4771,5256
0.6152105,4.4034986,-2.751184,394.0,13140480,9,109,5107,5253
0.6440545,4.412192,-2.7591903,332.0,13187720,7,109,5238,5268
0.67264557,4.4181886,-2.7655954,311.0,13239200,7,109,5413,5280
0.7009365,4.4214945,-2.7703993,263.0,13286080,6,109,5392,5289
0.7277775,4.415442,-2.7693317,211.0,13339360,5,109,4937,5287
0.7557139,4.415894,-2.7725344,142.0,13383560,3,109,4379,5293
-21.069899,5.4106483,-14.065735,22.0,2394624,17,110,2763,25930
-20.721586,5.456973,-13.854472,19.0,2441664,16,110,2841,25542
-17.96428,5.687137,-12.176346,36.0,2833424,18,110,2736,22460
-14.820365,5.5057974,-10.20746,26.0,3225424,12,110,3756,18844
-0.80007136,4.7859826,-3.094208,375.0,11579008,14,110,8642,5780
-0.77122396,4.794114,-3.096386,505.0,11625768,19,110,6344,5784
-0.74731416,4.834398,-3.1197991,63.0,11675568,2,110,3088,5827
-0.13656756,4.458601,-2.83993,143.0,12651160,4,110,5055,5313
-0.10891609,4.447616,-2.832307,155.0,12700560,5,110,4927,5299
-0.08137322,4.434783,-2.8235953,155.0,12748880,5,110,5064,5283
-0.054202482,4.4385533,-2.8257732,161.0,12800320,5,110,5105,5287
-0.026923971,4.432092,-2.8214173,133.0,12849440,4,110,5058,5279
0.00027764303,4.4095273,-2.806716,155.0,12900000,5,110,5041,5252
0.027358556,4.4136367,-2.8094385,155.0,12946640,5,110,4845,5257
0.054550264,4.422611,-2.8154278,137.0,12995560,4,110,5213,5268
0.08164025,4.4196777,-2.8137944,157.0,13043000,5,110,5260,5265
0.10873699,4.418255,-2.8132498,106.0,13091720,3,110,4523,5264
0.13576837,4.4149895,-2.8116164,110.0,13140480,3,110,4553,5261
17.797344,7.762964,-12.548779,40.0,22125744,20,110,2975,23144
-21.596516,5.4031286,-14.746164,24.0,3225424,20,111,2919,26729
-19.835215,5.4834313,-13.627172,51.0,3420936,29,111,2601,24708
-18.933266,5.611394,-13.074044,20.0,3567536,14,111,3006,23709
-0.79700696,4.77965,-3.1659,162.0,12457168,9,111,6870,5814
-0.76819533,4.787739,-3.1681147,277.0,12507680,15,111,6423,5818
-0.73944205,4.796477,-3.1708832,77.0,12554920,4,111,1632,5823
11.05565,7.3895183,-8.785775,56.0,21586232,13,111,2979,15964
20.942312,7.9378963,-14.835307,25.0,23391896,20,111,2447,26890
19.87818,7.2565775,-14.014196,15.0,23491656,10,111,1260,25407
-12.503075,6.0915303,-9.742868,39.0,3128224,9,113,2755,17008
17.5403,7.7891808,-13.466161,33.0,21200472,15,113,2881,23472
19.060812,7.773381,-14.447672,28.0,21440872,14,113,1845,25176
23.723831,2.2054126,-16.73153,11.0,23785216,9,113,1619,29141
23.735289,2.059663,-16.730377,7.0,23828856,7,113,1665,29139
23.745035,1.9137905,-16.72865,11.0,23882816,9,113,1695,29136
-18.6598,5.499684,-14.024118,15.0,2689264,12,114,3181,24009
-18.566757,5.5963125,-13.979554,26.0,2737104,17,114,3495,23933
-18.41827,5.6750765,-13.893358,40.0,2786344,22,114,3324,23786
16.21448,7.703884,-12.936984,38.0,21883464,19,114,2920,22155
18.189161,7.835217,-14.2786045,30.0,22171824,15,114,1623,24443
19.609297,7.882338,-15.240842,18.0,22366064,13,114,1855,26084
18.228088,7.0684366,-14.094483,22.0,22463664,10,114,1262,24129
-18.318005,5.583785,-14.133062,42.0,3664576,26,115,3600,23829
-17.228664,5.6005936,-13.366803,38.0,3810616,20,115,3561,22542
18.02878,7.699565,-14.469454,15.0,23098176,11,115,1779,24394
17.424177,7.77005,-14.448841,23.0,20271040,8,116,867,23961
-15.476859,5.7715597,-12.892337,29.0,2343944,11,117,2532,20983
-17.412802,5.6711636,-15.014482,27.0,3860776,18,119,3088,23712
-17.038437,5.6652045,-14.720226,28.0,3907296,17,119,2960,23249
-16.544899,5.614214,-14.321743,15.0,3954896,11,119,2989,22622
-16.44374,5.69266,-14.263909,24.0,4003616,14,119,3086,22531
-14.633737,5.8855314,-12.923556,38.0,4394696,16,119,2890,20422
14.264349,7.5607333,-13.582178,39.0,19682640,11,120,2506,21129
18.300049,8.034523,-16.82883,16.0,20271040,7,120,1235,26159
20.534496,8.273324,-18.64773,20.0,20513392,12,120,1876,28977
13.783417,7.5330577,-13.621561,34.0,20513392,13,121,2752,20823
15.050541,6.61795,-14.260674,21.0,21200472,7,121,847,21796
15.093633,6.5266743,-14.263302,29.0,21246632,10,121,1267,21800
15.151438,6.441607,-14.28038,19.0,21295432,7,121,1152,21826
-16.829927,5.6847544,-15.820535,14.0,3030984,9,122,1944,23820
-15.074404,5.718306,-14.35283,31.0,3320064,15,122,2431,21618
-20.75303,5.782138,-19.62313,17.0,3567536,17,123,1842,29174
10.765128,6.880976,-11.612055,21.0,21883464,6,123,1017,17298
13.876923,7.4944005,-14.348745,23.0,22463664,10,123,1119,21355
14.192495,6.574703,-14.230022,8.0,22955816,5,123,1534,21179
18.695568,8.111212,-18.55935,56.0,23148936,39,123,2591,27597
11.456668,4.2335534,-11.09804,15.0,23587336,4,123,1124,16536
12.4857855,7.417113,-13.560196,13.0,19244800,4,124,1286,19903
13.908427,6.5110826,-14.342881,12.0,20027480,4,124,1160,21047
-8.675099,5.8617787,-10.067441,31.0,4201776,6,125,2887,14559
-14.025246,5.8145485,-15.341792,12.0,4594136,6,127,948,21620
-13.505979,5.8930564,-14.888076,23.0,4737528,13,127,2579,20983
